video,model,frame_idx,inference_time_ms,n_missing_kp,jitter_coord,jitter_accel,femur_len,tibia_len,knee_angle,hip_angle,mean_confidence
on_cam.mp4,MediaPipe,0,155.4667,0,,,0.1946,0.1577,177.9643,175.1511,0.9548
on_cam.mp4,MediaPipe,1,53.7831,0,0.0014,,0.1947,0.1563,178.5909,175.3726,0.9553
on_cam.mp4,MediaPipe,2,52.8577,0,0.0012,0.0008,0.1941,0.1552,178.8644,175.5321,0.9559
on_cam.mp4,MediaPipe,3,52.9300,0,0.0012,0.0007,0.1937,0.1543,178.9462,175.5797,0.9571
on_cam.mp4,MediaPipe,4,52.2040,0,0.0017,0.0009,0.1935,0.1540,179.0192,175.6472,0.9586
on_cam.mp4,MediaPipe,5,53.8780,0,0.0020,0.0009,0.1941,0.1532,179.2178,175.6600,0.9596
on_cam.mp4,MediaPipe,6,52.8641,0,0.0033,0.0018,0.1944,0.1522,179.4246,175.6784,0.9607
on_cam.mp4,MediaPipe,7,52.2578,0,0.0067,0.0038,0.1927,0.1505,179.3502,175.7207,0.9625
on_cam.mp4,MediaPipe,8,52.9372,0,0.0108,0.0041,0.1885,0.1494,179.2263,175.6682,0.9633
on_cam.mp4,MediaPipe,9,54.9121,0,0.0169,0.0063,0.1758,0.1464,178.9412,175.5093,0.9641
on_cam.mp4,MediaPipe,10,54.6021,0,0.0176,0.0024,0.1660,0.1403,178.7980,175.3255,0.9648
on_cam.mp4,MediaPipe,11,54.9585,0,0.0201,0.0030,0.1590,0.1317,178.4434,175.3682,0.9662
on_cam.mp4,MediaPipe,12,55.0890,0,0.0183,0.0037,0.1548,0.1284,177.8533,175.4338,0.9678
on_cam.mp4,MediaPipe,13,54.2575,0,0.0141,0.0070,0.1553,0.1208,176.7301,175.6934,0.9693
on_cam.mp4,MediaPipe,14,55.0386,0,0.0113,0.0146,0.1563,0.1156,175.1429,175.3333,0.9713
on_cam.mp4,MediaPipe,15,54.0465,0,0.0169,0.0103,0.1633,0.1140,174.9476,175.7913,0.9729
on_cam.mp4,MediaPipe,16,54.6097,0,0.0339,0.0250,0.1655,0.1102,174.7977,176.3920,0.9747
on_cam.mp4,MediaPipe,17,54.7824,0,0.0353,0.0092,0.1760,0.1094,176.0292,176.3323,0.9768
on_cam.mp4,MediaPipe,18,54.4258,0,0.0526,0.0188,0.1885,0.1076,177.8406,176.2908,0.9776
on_cam.mp4,MediaPipe,19,52.3460,0,0.0501,0.0134,0.2089,0.0981,174.2971,175.3529,0.9777
on_cam.mp4,MediaPipe,20,52.2212,0,0.0342,0.0211,0.2212,0.0899,172.8940,174.9785,0.9702
on_cam.mp4,MediaPipe,21,53.2337,0,0.0212,0.0177,0.2214,0.0994,173.2070,174.9958,0.9555
on_cam.mp4,MediaPipe,22,53.6150,0,0.0147,0.0141,0.2161,0.1049,174.8105,175.5095,0.9421
on_cam.mp4,MediaPipe,23,52.6051,0,0.0138,0.0149,0.2212,0.1037,174.6121,176.1139,0.9328
on_cam.mp4,MediaPipe,24,51.9005,0,0.0173,0.0179,0.2135,0.1081,174.0122,176.3277,0.9168
on_cam.mp4,MediaPipe,25,52.4135,0,0.0285,0.0276,0.2176,0.1148,173.7284,176.2255,0.9086
on_cam.mp4,MediaPipe,26,52.1428,0,0.0373,0.0294,0.2172,0.1369,172.4266,176.5538,0.9120
on_cam.mp4,MediaPipe,27,52.2709,0,0.0475,0.0286,0.2240,0.1654,172.4124,176.9133,0.9109
on_cam.mp4,MediaPipe,28,51.8351,0,0.0460,0.0241,0.2422,0.1985,172.8419,176.3886,0.9097
on_cam.mp4,MediaPipe,29,51.7440,0,0.0409,0.0162,0.2492,0.2102,172.6679,175.9748,0.9092
on_cam.mp4,MediaPipe,30,52.0798,0,0.0237,0.0365,0.2492,0.2150,174.8044,175.3855,0.9105
on_cam.mp4,MediaPipe,31,52.1242,0,0.0464,0.0267,0.2504,0.2187,175.3910,174.7793,0.9123
on_cam.mp4,MediaPipe,32,52.6388,0,0.0459,0.0117,0.2463,0.2019,175.4390,174.1159,0.9090
on_cam.mp4,MediaPipe,33,52.3419,0,0.0486,0.0149,0.2306,0.1616,174.2043,173.5540,0.8988
on_cam.mp4,MediaPipe,34,96.9507,0,0.0408,0.0158,0.2212,0.1143,172.2037,173.7309,0.8888
on_cam.mp4,MediaPipe,35,53.3570,0,0.0364,0.0252,0.2186,0.1022,173.8886,173.4894,0.8796
on_cam.mp4,MediaPipe,36,65.7691,0,0.0311,0.0208,0.2164,0.0872,171.4375,173.9973,0.8829
on_cam.mp4,MediaPipe,37,55.3246,0,0.0199,0.0371,0.2339,0.0765,167.9177,174.3924,0.8795
on_cam.mp4,MediaPipe,38,51.8767,0,0.0323,0.0260,0.2418,0.0692,164.7055,174.8808,0.8724
on_cam.mp4,MediaPipe,39,51.7191,0,0.0523,0.0233,0.2391,0.0779,163.8819,175.6484,0.8652
on_cam.mp4,MediaPipe,40,53.4847,0,0.0621,0.0181,0.2513,0.0875,164.8316,175.3576,0.8591
on_cam.mp4,MediaPipe,41,55.1830,0,0.0758,0.0253,0.2491,0.1030,170.6271,174.4938,0.8547
on_cam.mp4,MediaPipe,42,51.8865,0,0.0633,0.0237,0.2694,0.1493,175.1921,173.1327,0.8489
on_cam.mp4,MediaPipe,43,52.0155,0,0.0336,0.0312,0.2707,0.1946,178.4868,172.9965,0.8310
on_cam.mp4,MediaPipe,44,54.9991,0,0.0269,0.0125,0.2749,0.2233,177.6039,172.5590,0.8129
on_cam.mp4,MediaPipe,45,55.9737,0,0.0340,0.0314,0.2654,0.2200,177.2484,172.4948,0.7878
on_cam.mp4,MediaPipe,46,55.1137,0,0.0345,0.0318,0.2489,0.2106,177.6531,173.0581,0.7281
on_cam.mp4,MediaPipe,47,58.9327,0,0.0890,0.0660,0.2438,0.2252,178.5020,175.5175,0.6901
on_cam.mp4,MediaPipe,48,55.2586,0,0.0209,0.1070,0.2497,0.2291,177.8324,177.0427,0.6425
on_cam.mp4,MediaPipe,49,54.2878,33,0.0293,0.0255,0.2513,0.2352,176.8866,176.1409,
on_cam.mp4,MediaPipe,50,12.8155,33,0.0293,0.0000,0.2532,0.2414,176.0019,175.3064,
on_cam.mp4,MediaPipe,51,8.1134,33,0.0293,0.0000,0.2554,0.2477,175.1797,174.5484,
on_cam.mp4,MediaPipe,52,61.0398,0,0.0293,0.0000,0.2579,0.2541,174.4204,173.8744,0.6662
on_cam.mp4,MediaPipe,53,53.1553,0,0.0285,0.0321,0.2605,0.2427,175.8480,175.3166,0.6827
on_cam.mp4,MediaPipe,54,52.5897,0,0.0499,0.0319,0.2697,0.2377,176.7438,174.4313,0.6944
on_cam.mp4,MediaPipe,55,51.9817,0,0.0584,0.0161,0.2653,0.2164,176.0000,174.3003,0.7142
on_cam.mp4,MediaPipe,56,52.0470,0,0.0619,0.0185,0.2613,0.1643,172.9371,174.7158,0.7266
on_cam.mp4,MediaPipe,57,51.9713,0,0.0547,0.0198,0.2624,0.1261,173.3141,175.9047,0.7371
on_cam.mp4,MediaPipe,58,52.6219,0,0.0397,0.0193,0.2564,0.1200,169.5463,176.9452,0.7479
on_cam.mp4,MediaPipe,59,52.7570,0,0.0274,0.0227,0.2593,0.1194,166.6118,177.4933,0.7599
on_cam.mp4,MediaPipe,60,52.0604,0,0.0342,0.0346,0.2536,0.1562,167.1966,178.3099,0.7704
on_cam.mp4,MediaPipe,61,51.9198,0,0.0280,0.0154,0.2578,0.1636,164.6710,178.5051,0.7773
on_cam.mp4,MediaPipe,62,51.7934,0,0.0228,0.0132,0.2469,0.1748,161.7151,177.8313,0.7741
on_cam.mp4,MediaPipe,63,52.0661,0,0.0208,0.0199,0.2376,0.1862,161.6059,176.0471,0.7703
on_cam.mp4,MediaPipe,64,52.0709,0,0.0309,0.0213,0.2266,0.1901,162.8828,176.5857,0.7670
on_cam.mp4,MediaPipe,65,51.8957,0,0.0180,0.0178,0.2233,0.1947,163.3186,175.2667,0.7631
on_cam.mp4,MediaPipe,66,52.0124,0,0.0165,0.0185,0.2217,0.1971,163.4673,175.7255,0.7492
on_cam.mp4,MediaPipe,67,52.2241,0,0.0088,0.0129,0.2198,0.2036,162.3505,176.8476,0.7414
on_cam.mp4,MediaPipe,68,51.6300,0,0.0086,0.0090,0.2214,0.2055,161.7527,176.2831,0.7394
on_cam.mp4,MediaPipe,69,52.3681,0,0.0221,0.0248,0.2202,0.2093,160.7337,175.9076,0.7426
on_cam.mp4,MediaPipe,70,51.9439,0,0.0172,0.0204,0.2333,0.2195,160.7394,177.5116,0.7395
on_cam.mp4,MediaPipe,71,51.7543,0,0.0155,0.0144,0.2343,0.2250,159.8779,175.8365,0.7473
on_cam.mp4,MediaPipe,72,51.6977,0,0.0122,0.0082,0.2424,0.2249,154.8218,173.1035,0.7520
on_cam.mp4,MediaPipe,73,51.6848,0,0.0135,0.0073,0.2425,0.2173,150.4447,170.5601,0.7633
on_cam.mp4,MediaPipe,74,52.1035,0,0.0173,0.0082,0.2231,0.2060,149.9207,170.9075,0.7828
on_cam.mp4,MediaPipe,75,54.1633,0,0.2374,0.2468,0.1465,0.1409,177.5898,176.0880,0.7933
on_cam.mp4,MediaPipe,76,52.1395,0,0.0152,0.2239,0.1524,0.1429,174.8098,175.6774,0.8110
on_cam.mp4,MediaPipe,77,51.7600,0,0.0046,0.0130,0.1632,0.1399,176.6250,177.3963,0.8272
on_cam.mp4,MediaPipe,78,51.6547,0,0.0042,0.0041,0.1722,0.1402,177.0348,176.0812,0.8422
on_cam.mp4,MediaPipe,79,51.6076,0,0.0036,0.0033,0.1750,0.1415,177.5351,175.9880,0.8556
on_cam.mp4,MediaPipe,80,52.1957,0,0.0029,0.0024,0.1726,0.1428,178.2247,176.2011,0.8678
on_cam.mp4,MediaPipe,81,52.3381,0,0.0045,0.0041,0.1687,0.1388,179.0255,176.5322,0.8787
on_cam.mp4,MediaPipe,82,51.7271,0,0.0046,0.0036,0.1669,0.1408,178.9792,176.4901,0.8878
on_cam.mp4,MediaPipe,83,51.6369,0,0.0066,0.0042,0.1661,0.1335,179.0074,176.8375,0.8961
on_cam.mp4,MediaPipe,84,51.5790,0,0.0087,0.0036,0.1637,0.1288,179.2199,176.8455,0.9025
on_cam.mp4,MediaPipe,85,51.9430,0,0.0124,0.0064,0.1624,0.1273,179.6938,175.8117,0.9095
on_cam.mp4,MediaPipe,86,53.9637,0,0.0157,0.0037,0.1512,0.1255,179.2064,175.6573,0.9166
on_cam.mp4,MediaPipe,87,53.0478,0,0.0200,0.0051,0.1373,0.1256,178.2971,175.0635,0.9230
on_cam.mp4,MediaPipe,88,51.7957,0,0.0162,0.0049,0.1305,0.1246,178.2035,175.2841,0.9293
on_cam.mp4,MediaPipe,89,51.7279,0,0.0182,0.0085,0.1388,0.1085,178.7843,176.2754,0.9338
on_cam.mp4,MediaPipe,90,51.6217,0,0.0083,0.0158,0.1425,0.1058,178.6575,176.4112,0.9377
on_cam.mp4,MediaPipe,91,52.1067,0,0.0158,0.0129,0.1477,0.1065,178.2096,176.2987,0.9412
on_cam.mp4,MediaPipe,92,51.7627,0,0.0244,0.0192,0.1523,0.1068,178.2133,176.7565,0.9459
on_cam.mp4,MediaPipe,93,51.6901,0,0.0465,0.0243,0.1554,0.1077,178.4698,176.9265,0.9508
on_cam.mp4,MediaPipe,94,51.5723,0,0.0488,0.0092,0.1722,0.1056,178.1121,176.7658,0.9547
on_cam.mp4,MediaPipe,95,51.6806,0,0.0450,0.0102,0.1915,0.0950,176.9891,176.1777,0.9547
on_cam.mp4,MediaPipe,96,51.5569,0,0.0299,0.0173,0.2059,0.0842,172.6063,175.4377,0.9496
on_cam.mp4,MediaPipe,97,52.2120,0,0.0143,0.0255,0.2024,0.0707,169.5174,175.7675,0.9428
on_cam.mp4,MediaPipe,98,51.5978,0,0.0158,0.0165,0.1992,0.0620,171.6012,176.3788,0.9335
on_cam.mp4,MediaPipe,99,51.6134,0,0.0257,0.0190,0.1816,0.0740,176.6666,177.1589,0.9329
on_cam.mp4,MediaPipe,100,51.5544,0,0.0191,0.0139,0.1882,0.0656,176.8859,177.8007,0.9308
on_cam.mp4,MediaPipe,101,51.7628,0,0.0380,0.0249,0.1916,0.0846,175.2138,177.3779,0.9256
on_cam.mp4,MediaPipe,102,52.3223,0,0.0318,0.0218,0.2038,0.1016,167.5556,176.6450,0.9231
on_cam.mp4,MediaPipe,103,54.3238,0,0.0313,0.0247,0.2075,0.1644,173.8509,175.9504,0.9211
on_cam.mp4,MediaPipe,104,53.3135,0,0.0215,0.0128,0.2265,0.1823,174.2548,175.4715,0.9203
on_cam.mp4,MediaPipe,105,54.6741,0,0.0331,0.0182,0.2273,0.2136,175.5731,174.4883,0.9250
on_cam.mp4,MediaPipe,106,53.2030,0,0.0453,0.0168,0.2261,0.2325,177.2362,172.9454,0.9263
on_cam.mp4,MediaPipe,107,53.3460,0,0.0923,0.0622,0.2471,0.1552,170.8306,171.4222,0.9238
on_cam.mp4,MediaPipe,108,53.8640,0,0.0680,0.1284,0.2441,0.1668,171.4611,172.2863,0.9188
on_cam.mp4,MediaPipe,109,53.3809,0,0.0533,0.0215,0.2506,0.1825,173.5792,172.4293,0.9126
on_cam.mp4,MediaPipe,110,53.8974,0,0.0477,0.0363,0.2506,0.2057,176.7323,172.4769,0.8903
on_cam.mp4,MediaPipe,111,53.6185,0,0.0289,0.0270,0.2296,0.2092,176.8639,173.3875,0.8616
on_cam.mp4,MediaPipe,112,53.6027,0,0.0294,0.0232,0.2459,0.2414,177.7953,173.0545,0.8170
on_cam.mp4,MediaPipe,113,51.9801,33,0.0380,0.0386,0.2616,0.2301,177.1133,174.6279,
on_cam.mp4,MediaPipe,114,59.6662,33,0.0380,0.0000,0.2775,0.2190,174.5930,176.6392,
on_cam.mp4,MediaPipe,115,60.1973,0,0.0380,0.0000,0.2935,0.2081,172.0673,179.0643,0.7973
on_cam.mp4,MediaPipe,116,52.0686,33,0.0320,0.0696,0.2878,0.2159,173.6003,177.5651,
on_cam.mp4,MediaPipe,117,8.0340,33,0.0320,0.0000,0.2824,0.2237,175.2537,176.3804,
on_cam.mp4,MediaPipe,118,59.8595,0,0.0320,0.0000,0.2774,0.2316,177.0221,175.5244,0.7763
on_cam.mp4,MediaPipe,119,52.1948,0,0.0243,0.0209,0.2673,0.2304,178.4508,175.9012,0.7563
on_cam.mp4,MediaPipe,120,51.9338,0,0.0330,0.0170,0.2749,0.2254,178.6695,175.5577,0.7637
on_cam.mp4,MediaPipe,121,51.7943,0,0.0458,0.0299,0.2701,0.2188,177.7150,175.1680,0.7770
on_cam.mp4,MediaPipe,122,51.8041,0,0.0656,0.0304,0.2640,0.2060,176.8182,175.2367,0.7918
on_cam.mp4,MediaPipe,123,51.7897,0,0.0682,0.0139,0.2539,0.1742,176.3209,175.4869,0.7991
on_cam.mp4,MediaPipe,124,52.1585,0,0.0535,0.0180,0.2567,0.1504,174.6432,175.2965,0.8020
on_cam.mp4,MediaPipe,125,52.7385,0,0.0394,0.0288,0.2675,0.1296,172.4284,175.5122,0.8070
on_cam.mp4,MediaPipe,126,51.9855,0,0.0228,0.0275,0.2631,0.1384,170.3970,175.9770,0.8139
on_cam.mp4,MediaPipe,127,51.7925,0,0.0322,0.0291,0.2537,0.1610,170.9527,176.2786,0.8265
on_cam.mp4,MediaPipe,128,51.6960,0,0.0210,0.0151,0.2531,0.1729,167.9988,175.6713,0.8370
on_cam.mp4,MediaPipe,129,51.7081,0,0.0215,0.0077,0.2380,0.1903,165.1780,174.9143,0.8372
on_cam.mp4,MediaPipe,130,52.0640,0,0.0184,0.0088,0.2237,0.1975,163.7121,173.8976,0.8358
on_cam.mp4,MediaPipe,131,52.7228,0,0.0175,0.0075,0.2226,0.2004,163.9128,173.4640,0.8295
on_cam.mp4,MediaPipe,132,51.7220,0,0.0136,0.0100,0.2186,0.2047,163.4431,172.3150,0.8185
on_cam.mp4,MediaPipe,133,51.7899,0,0.0170,0.0170,0.2146,0.2045,164.0570,171.8944,0.8086
on_cam.mp4,MediaPipe,134,90.6964,0,0.0078,0.0132,0.2148,0.2054,162.4576,173.0808,0.8019
on_cam.mp4,MediaPipe,135,54.6065,0,0.0098,0.0073,0.2178,0.2058,160.5084,173.3876,0.7961
on_cam.mp4,MediaPipe,136,51.7682,0,0.0227,0.0200,0.2163,0.2129,155.9131,175.4701,0.7911
on_cam.mp4,MediaPipe,137,53.3733,0,0.0182,0.0147,0.2236,0.1987,152.1578,176.4877,0.7848
on_cam.mp4,MediaPipe,138,52.0626,0,0.0162,0.0074,0.2253,0.1912,145.3864,174.4763,0.7860
on_cam.mp4,MediaPipe,139,51.7166,0,0.0149,0.0101,0.2171,0.1971,137.2584,169.8859,0.7894
on_cam.mp4,MediaPipe,140,51.7121,0,0.0191,0.0100,0.2119,0.1920,134.5648,166.1947,0.7904
on_cam.mp4,MediaPipe,141,52.0967,0,0.0168,0.0166,0.2033,0.1845,135.7326,163.2047,0.7859
on_cam.mp4,MediaPipe,142,51.8876,0,0.2069,0.2059,0.1107,0.1329,163.4466,172.6650,0.7898
on_cam.mp4,MediaPipe,143,51.7492,0,0.0156,0.1931,0.1525,0.1343,175.4142,176.6252,0.8069
on_cam.mp4,MediaPipe,144,51.7684,0,0.0038,0.0137,0.1547,0.1363,178.4890,175.3403,0.8232
on_cam.mp4,MediaPipe,145,51.7217,0,0.0024,0.0040,0.1625,0.1365,178.4794,175.0455,0.8379
on_cam.mp4,MediaPipe,146,77.0975,0,0.0027,0.0031,0.1648,0.1371,177.4961,174.4091,0.8514
on_cam.mp4,MediaPipe,147,52.9429,0,0.0021,0.0030,0.1614,0.1355,177.2650,174.4354,0.8632
on_cam.mp4,MediaPipe,148,52.4385,0,0.0026,0.0023,0.1607,0.1383,177.7348,174.4168,0.8739
on_cam.mp4,MediaPipe,149,53.7840,0,0.0029,0.0023,0.1621,0.1342,178.0739,174.6251,0.8842
on_cam.mp4,MediaPipe,150,53.8524,0,0.0032,0.0021,0.1620,0.1302,178.7467,174.6741,0.8925
on_cam.mp4,MediaPipe,151,53.7142,0,0.0071,0.0058,0.1574,0.1292,178.8589,174.7677,0.9004
on_cam.mp4,MediaPipe,152,52.9592,0,0.0112,0.0050,0.1552,0.1262,178.8428,174.4538,0.9067
on_cam.mp4,MediaPipe,153,51.7196,0,0.0133,0.0034,0.1484,0.1242,179.3642,175.0174,0.9138
on_cam.mp4,MediaPipe,154,52.4235,0,0.0172,0.0053,0.1355,0.1222,179.6956,175.8541,0.9202
on_cam.mp4,MediaPipe,155,51.7629,0,0.0133,0.0062,0.1342,0.1164,179.3125,176.1125,0.9259
on_cam.mp4,MediaPipe,156,51.9224,0,0.0082,0.0103,0.1350,0.1086,178.5715,176.7574,0.9315
on_cam.mp4,MediaPipe,157,52.1567,0,0.0167,0.0108,0.1427,0.1040,178.1131,177.3965,0.9369
on_cam.mp4,MediaPipe,158,51.7568,0,0.0264,0.0267,0.1513,0.1030,178.6751,177.2106,0.9424
on_cam.mp4,MediaPipe,159,51.8633,0,0.0387,0.0180,0.1552,0.1072,179.0325,176.3418,0.9474
on_cam.mp4,MediaPipe,160,51.5920,0,0.0485,0.0122,0.1678,0.1081,178.1428,176.9486,0.9516
on_cam.mp4,MediaPipe,161,52.1835,0,0.0445,0.0117,0.1946,0.1058,176.2758,175.6547,0.9534
on_cam.mp4,MediaPipe,162,52.1206,0,0.0254,0.0271,0.1995,0.1027,173.7643,175.4414,0.9534
on_cam.mp4,MediaPipe,163,52.1844,0,0.0111,0.0182,0.1980,0.1010,175.3207,176.3063,0.9478
on_cam.mp4,MediaPipe,164,51.7717,0,0.0077,0.0052,0.1961,0.0934,177.5390,177.2668,0.9325
on_cam.mp4,MediaPipe,165,51.8947,0,0.0110,0.0123,0.1910,0.0996,178.2176,175.2533,0.9189
on_cam.mp4,MediaPipe,166,51.6367,0,0.1278,0.1320,0.1897,0.1294,177.1328,170.5156,0.8824
on_cam.mp4,MediaPipe,167,51.7257,0,0.1225,0.2461,0.1876,0.1493,175.6146,178.9809,0.8917
on_cam.mp4,MediaPipe,168,51.9447,0,0.0383,0.1054,0.1897,0.1803,175.1866,175.6159,0.8955
on_cam.mp4,MediaPipe,169,52.0455,0,0.0386,0.0199,0.2110,0.2066,174.9225,175.5561,0.9007
on_cam.mp4,MediaPipe,170,51.9791,0,0.0355,0.0111,0.2343,0.2112,174.5764,175.3801,0.8949
on_cam.mp4,MediaPipe,171,51.9875,0,0.0374,0.0171,0.2311,0.2143,174.6657,175.6586,0.8980
on_cam.mp4,MediaPipe,172,51.6922,0,0.0269,0.0199,0.2328,0.2061,177.2399,174.9101,0.9002
on_cam.mp4,MediaPipe,173,51.7535,0,0.0516,0.0290,0.2358,0.2171,177.2781,173.5523,0.9029
on_cam.mp4,MediaPipe,174,52.3521,0,0.0508,0.0170,0.2326,0.2080,176.2948,172.8626,0.8944
on_cam.mp4,MediaPipe,175,51.6913,0,0.0454,0.0147,0.2224,0.1771,172.8306,173.3877,0.8832
on_cam.mp4,MediaPipe,176,51.8144,0,0.0445,0.0285,0.2079,0.1491,166.8087,170.6224,0.8793
on_cam.mp4,MediaPipe,177,52.3939,0,0.0204,0.0259,0.2063,0.1464,161.7283,168.2398,0.8844
on_cam.mp4,MediaPipe,178,51.5545,0,0.0143,0.0280,0.2166,0.1358,159.3557,167.5621,0.8897
on_cam.mp4,MediaPipe,179,51.9308,0,0.0330,0.0257,0.2281,0.1348,158.2898,168.4202,0.8913
on_cam.mp4,MediaPipe,180,52.0658,0,0.0508,0.0213,0.2299,0.1449,158.8423,169.0759,0.8951
on_cam.mp4,MediaPipe,181,51.5960,0,0.0581,0.0131,0.2279,0.1629,162.0316,170.6389,0.8988
on_cam.mp4,MediaPipe,182,51.6997,0,0.0657,0.0239,0.2419,0.1725,169.0202,175.0088,0.9024
on_cam.mp4,MediaPipe,183,52.0620,0,0.0515,0.0181,0.2450,0.2042,174.0248,176.0282,0.9027
on_cam.mp4,MediaPipe,184,52.1752,0,0.0310,0.0350,0.2445,0.1945,174.8285,176.1924,0.8818
on_cam.mp4,MediaPipe,185,52.3835,0,0.0155,0.0185,0.2445,0.1923,174.9297,175.9450,0.8679
on_cam.mp4,MediaPipe,186,52.3232,0,0.0155,0.0135,0.2413,0.2041,175.4791,175.5353,0.8633
on_cam.mp4,MediaPipe,187,51.9018,0,0.0235,0.0168,0.2426,0.2054,177.4572,175.0898,0.8570
on_cam.mp4,MediaPipe,188,51.7572,0,0.0243,0.0222,0.2466,0.2107,177.2083,175.2500,0.8565
on_cam.mp4,MediaPipe,189,51.8393,0,0.0365,0.0256,0.2553,0.2068,176.0235,176.5144,0.8576
on_cam.mp4,MediaPipe,190,51.7540,0,0.0296,0.0157,0.2586,0.2103,176.0205,176.6709,0.8586
on_cam.mp4,MediaPipe,191,52.3600,0,0.0279,0.0165,0.2579,0.2244,177.2771,176.4355,0.8485
on_cam.mp4,MediaPipe,192,51.6778,0,0.0282,0.0089,0.2650,0.2470,177.7519,175.9618,0.8301
on_cam.mp4,MediaPipe,193,51.7373,0,0.0338,0.0230,0.2688,0.2325,176.8082,175.5967,0.8109
on_cam.mp4,MediaPipe,194,51.7335,0,0.0297,0.0197,0.2687,0.2222,177.1142,175.6662,0.7896
on_cam.mp4,MediaPipe,195,51.9612,0,0.0304,0.0152,0.2614,0.2098,177.3678,175.1698,0.7745
on_cam.mp4,MediaPipe,196,54.5680,0,0.0559,0.0365,0.2630,0.1713,176.3650,175.2895,0.7741
on_cam.mp4,MediaPipe,197,58.5399,0,0.0322,0.0349,0.2477,0.1449,172.9938,174.2072,0.7762
on_cam.mp4,MediaPipe,198,55.1461,0,0.0370,0.0472,0.2413,0.1374,169.1036,172.4138,0.7727
on_cam.mp4,MediaPipe,199,55.0487,0,0.0060,0.0379,0.2455,0.1415,169.0780,172.3463,0.7748
on_cam.mp4,MediaPipe,200,52.8206,0,0.0134,0.0127,0.2519,0.1525,169.6070,172.5170,0.7784
on_cam.mp4,MediaPipe,201,52.7857,0,0.0131,0.0045,0.2573,0.1672,171.8357,173.2750,0.7857
on_cam.mp4,MediaPipe,202,53.4371,0,0.0219,0.0144,0.2491,0.1965,174.4943,173.8051,0.7978
on_cam.mp4,MediaPipe,203,52.4181,0,0.0229,0.0096,0.2526,0.2043,175.6772,174.0570,0.8079
on_cam.mp4,MediaPipe,204,52.3928,0,0.0147,0.0106,0.2508,0.2153,176.8186,173.9470,0.8125
on_cam.mp4,MediaPipe,205,51.6891,0,0.0102,0.0089,0.2588,0.2148,177.3909,173.7299,0.8158
on_cam.mp4,MediaPipe,206,51.7857,0,0.0096,0.0082,0.2596,0.2117,178.4739,173.1331,0.8199
on_cam.mp4,MediaPipe,207,52.2663,0,0.0091,0.0034,0.2583,0.2036,178.9889,172.7332,0.8267
on_cam.mp4,MediaPipe,208,51.7401,0,0.0109,0.0096,0.2553,0.1923,177.4676,171.7998,0.8324
on_cam.mp4,MediaPipe,209,51.6018,0,0.0145,0.0064,0.2537,0.1768,177.9922,171.7815,0.8416
on_cam.mp4,MediaPipe,210,51.7511,0,0.0140,0.0043,0.2450,0.1663,175.6778,172.4515,0.8482
on_cam.mp4,MediaPipe,211,51.6855,0,0.0101,0.0077,0.2406,0.1610,172.6281,171.7929,0.8553
on_cam.mp4,MediaPipe,212,51.7111,0,0.0060,0.0076,0.2422,0.1614,170.8635,171.0277,0.8594
on_cam.mp4,MediaPipe,213,52.2882,0,0.0109,0.0072,0.2439,0.1621,168.7444,170.6481,0.8620
on_cam.mp4,MediaPipe,214,51.6977,0,0.0122,0.0052,0.2421,0.1634,166.9197,170.2135,0.8612
on_cam.mp4,MediaPipe,215,51.7463,0,0.0132,0.0049,0.2396,0.1709,167.3609,170.1334,0.8636
on_cam.mp4,MediaPipe,216,51.6920,0,0.0152,0.0066,0.2416,0.1681,167.2788,171.1588,0.8578
on_cam.mp4,MediaPipe,217,52.9167,0,0.0161,0.0125,0.2262,0.1813,168.5474,171.2809,0.8532
on_cam.mp4,MediaPipe,218,52.4493,0,0.0137,0.0099,0.2228,0.1934,168.3304,171.4785,0.8449
on_cam.mp4,MediaPipe,219,52.0662,0,0.0106,0.0063,0.2296,0.1932,166.4949,171.8929,0.8420
on_cam.mp4,MediaPipe,220,51.6014,0,0.0119,0.0049,0.2350,0.1938,163.8182,173.4162,0.8424
on_cam.mp4,MediaPipe,221,51.8208,0,0.0119,0.0038,0.2374,0.1942,160.5562,174.6849,0.8395
on_cam.mp4,MediaPipe,222,51.5830,0,0.0156,0.0080,0.2274,0.1889,156.3035,175.6349,0.8404
on_cam.mp4,MediaPipe,223,52.3692,0,0.0143,0.0054,0.2242,0.1904,149.1664,177.3527,0.8455
on_cam.mp4,MediaPipe,224,52.2572,0,0.0143,0.0033,0.2255,0.1905,143.3059,178.2510,0.8490
on_cam.mp4,MediaPipe,225,51.7010,0,0.0124,0.0063,0.2318,0.1877,140.5787,177.1964,0.8535
on_cam.mp4,MediaPipe,226,51.6820,0,0.0152,0.0056,0.2305,0.1903,137.4315,175.9861,0.8587
on_cam.mp4,MediaPipe,227,51.6181,0,0.0207,0.0092,0.2304,0.1884,139.8571,176.9946,0.8520
on_cam.mp4,YOLO,0,446.6730,0,,,0.1922,0.1712,179.3535,176.9428,0.9603
on_cam.mp4,YOLO,1,430.3996,0,0.0026,,0.1901,0.1734,178.9235,176.6997,0.9671
on_cam.mp4,YOLO,2,468.4294,0,0.0027,0.0030,0.1902,0.1708,179.0331,176.4159,0.9591
on_cam.mp4,YOLO,3,501.0112,0,0.0015,0.0026,0.1898,0.1694,179.2584,176.5808,0.9598
on_cam.mp4,YOLO,4,426.8102,0,0.0013,0.0015,0.1896,0.1692,178.8010,176.6598,0.9605
on_cam.mp4,YOLO,5,413.6124,0,0.0047,0.0046,0.1911,0.1679,179.2859,177.3326,0.9677
on_cam.mp4,YOLO,6,420.7982,0,0.0039,0.0033,0.1908,0.1676,178.8978,177.4280,0.9689
on_cam.mp4,YOLO,7,416.2341,0,0.0083,0.0047,0.1881,0.1657,178.7097,177.3549,0.9675
on_cam.mp4,YOLO,8,437.0199,0,0.0112,0.0030,0.1835,0.1630,178.0556,177.4918,0.9694
on_cam.mp4,YOLO,9,466.6749,0,0.0162,0.0051,0.1761,0.1594,177.6325,177.5862,0.9699
on_cam.mp4,YOLO,10,419.4490,0,0.0174,0.0031,0.1697,0.1529,177.0249,177.5750,0.9709
on_cam.mp4,YOLO,11,417.9135,0,0.0194,0.0033,0.1612,0.1472,177.6427,175.6663,0.9665
on_cam.mp4,YOLO,12,412.9912,0,0.0173,0.0066,0.1577,0.1382,177.4141,177.1103,0.9669
on_cam.mp4,YOLO,13,434.5570,0,0.0107,0.0087,0.1584,0.1349,176.3795,175.6664,0.9692
on_cam.mp4,YOLO,14,510.4676,0,0.0089,0.0111,0.1554,0.1280,176.7277,174.7179,0.9669
on_cam.mp4,YOLO,15,429.2497,0,0.0153,0.0117,0.1594,0.1271,177.0296,174.9087,0.9706
on_cam.mp4,YOLO,16,415.7431,0,0.0222,0.0123,0.1667,0.1188,178.7788,175.7183,0.9743
on_cam.mp4,YOLO,17,415.6318,0,0.0319,0.0138,0.1804,0.1122,176.2933,176.1800,0.9672
on_cam.mp4,YOLO,18,418.7957,0,0.0381,0.0090,0.1932,0.1135,176.8341,176.5000,0.9541
on_cam.mp4,YOLO,19,413.7300,0,0.0399,0.0141,0.1935,0.1159,171.8345,175.6445,0.9490
on_cam.mp4,YOLO,20,413.8405,0,0.0325,0.0165,0.2091,0.1121,163.9086,173.8836,0.9140
on_cam.mp4,YOLO,21,416.2959,3,0.0223,0.0182,0.2058,0.1205,168.5473,173.7179,0.8541
on_cam.mp4,YOLO,22,423.8710,7,0.0115,0.0152,0.2105,0.1183,170.6560,174.4597,0.9421
on_cam.mp4,YOLO,23,432.9086,6,0.0093,0.0056,0.2152,0.1165,171.3764,175.6131,0.9162
on_cam.mp4,YOLO,24,414.8002,6,0.0110,0.0085,0.2196,0.1173,166.9462,175.7926,0.9358
on_cam.mp4,YOLO,25,436.9086,5,0.0157,0.0093,0.2238,0.1403,167.1596,175.5052,0.9535
on_cam.mp4,YOLO,26,443.0423,5,0.0256,0.0160,0.2229,0.1633,172.5650,176.3206,0.9611
on_cam.mp4,YOLO,27,445.6328,5,0.0247,0.0101,0.2300,0.1902,172.5021,176.5175,0.9813
on_cam.mp4,YOLO,28,444.7547,5,0.0322,0.0138,0.2332,0.2148,172.3117,175.3780,0.9910
on_cam.mp4,YOLO,29,439.2596,4,0.0356,0.0109,0.2410,0.2433,174.7059,175.0839,0.9702
on_cam.mp4,YOLO,30,437.8681,0,0.0165,0.0281,0.2388,0.2311,175.8219,174.9718,0.9588
on_cam.mp4,YOLO,31,438.2127,0,0.0461,0.0341,0.2512,0.2370,177.3599,174.6218,0.9609
on_cam.mp4,YOLO,32,430.2995,1,0.0475,0.0154,0.2500,0.1942,173.6553,173.5421,0.9276
on_cam.mp4,YOLO,33,444.9439,2,0.0583,0.0181,0.2396,0.1311,169.5819,173.6051,0.9319
on_cam.mp4,YOLO,34,422.3285,2,0.0401,0.0205,0.2261,0.0922,168.0455,174.3177,0.9379
on_cam.mp4,YOLO,35,436.6559,2,0.0347,0.0206,0.2097,0.0779,168.9742,174.3253,0.9534
on_cam.mp4,YOLO,36,429.7910,2,0.0193,0.0199,0.2176,0.0634,161.7592,175.6118,0.9608
on_cam.mp4,YOLO,37,486.3813,2,0.0130,0.0259,0.2313,0.0561,158.7386,174.9610,0.9600
on_cam.mp4,YOLO,38,427.0658,2,0.0251,0.0177,0.2323,0.0516,154.6675,175.1568,0.9616
on_cam.mp4,YOLO,39,414.0804,2,0.0446,0.0226,0.2531,0.0400,147.5819,174.7568,0.9468
on_cam.mp4,YOLO,40,415.6130,2,0.0470,0.0272,0.2560,0.0588,157.0994,174.1564,0.9731
on_cam.mp4,YOLO,41,415.9587,2,0.0624,0.0184,0.2603,0.0864,164.8608,172.4730,0.9654
on_cam.mp4,YOLO,42,418.5437,0,0.0613,0.0120,0.2537,0.1341,171.7090,170.9284,0.9040
on_cam.mp4,YOLO,43,412.3635,1,0.0409,0.0240,0.2560,0.1685,176.7938,172.1079,0.9029
on_cam.mp4,YOLO,44,428.7308,6,0.0302,0.0258,0.2744,0.2383,178.5385,173.0013,0.9076
on_cam.mp4,YOLO,45,421.1491,7,0.0365,0.0328,0.2665,0.2308,176.9875,174.5463,0.9239
on_cam.mp4,YOLO,46,425.3040,7,0.0141,0.0268,0.2671,0.2363,177.6946,173.9599,0.8820
on_cam.mp4,YOLO,47,417.7098,8,0.0316,0.0240,0.2719,0.2425,175.1843,175.3573,0.8778
on_cam.mp4,YOLO,48,441.5682,11,0.0190,0.0443,0.2766,0.2437,178.0979,177.0543,0.9967
on_cam.mp4,YOLO,49,466.5974,10,0.0122,0.0092,0.2795,0.2471,178.6951,177.5842,0.9258
on_cam.mp4,YOLO,50,440.2618,8,0.0131,0.0055,0.2823,0.2532,178.7924,174.8408,0.8497
on_cam.mp4,YOLO,51,424.7339,7,0.0112,0.0078,0.2858,0.2570,179.9100,175.2535,0.9001
on_cam.mp4,YOLO,52,425.5735,5,0.0190,0.0135,0.2876,0.2526,179.6282,175.0304,0.9443
on_cam.mp4,YOLO,53,421.0669,5,0.0274,0.0158,0.2906,0.2523,179.0457,174.0143,0.9684
on_cam.mp4,YOLO,54,444.9932,2,0.0389,0.0160,0.2818,0.2426,179.3779,173.8229,0.9179
on_cam.mp4,YOLO,55,423.0268,0,0.0437,0.0181,0.2775,0.2006,178.9918,173.6677,0.9404
on_cam.mp4,YOLO,56,425.2278,2,0.0553,0.0177,0.2658,0.1603,173.7081,173.7076,0.9784
on_cam.mp4,YOLO,57,438.9297,2,0.0444,0.0149,0.2645,0.1233,169.2154,175.0525,0.9737
on_cam.mp4,YOLO,58,451.2437,2,0.0311,0.0161,0.2545,0.1160,168.5012,177.1771,0.9698
on_cam.mp4,YOLO,59,449.0243,2,0.0171,0.0227,0.2528,0.1178,165.6204,177.4323,0.9527
on_cam.mp4,YOLO,60,494.9401,2,0.0313,0.0324,0.2407,0.1722,170.3678,176.7416,0.9529
on_cam.mp4,YOLO,61,426.5730,1,0.0214,0.0174,0.2394,0.1833,165.1776,176.0231,0.8929
on_cam.mp4,YOLO,62,415.8204,1,0.0202,0.0095,0.2397,0.1931,164.1136,175.3007,0.9128
on_cam.mp4,YOLO,63,414.8167,3,0.0208,0.0071,0.2427,0.1991,162.9534,175.1638,0.9254
on_cam.mp4,YOLO,64,417.2737,1,0.0177,0.0061,0.2457,0.2069,162.2498,175.1719,0.9148
on_cam.mp4,YOLO,65,420.0550,4,0.0132,0.0105,0.2449,0.2114,161.5416,174.8667,0.9585
on_cam.mp4,YOLO,66,416.2909,4,0.0131,0.0065,0.2392,0.2148,160.3978,174.8029,0.9530
on_cam.mp4,YOLO,67,411.0354,4,0.0123,0.0048,0.2391,0.2135,160.1513,174.6011,0.9535
on_cam.mp4,YOLO,68,417.6373,3,0.0166,0.0106,0.2472,0.2194,161.6229,174.3515,0.9111
on_cam.mp4,YOLO,69,426.0761,2,0.0135,0.0143,0.2468,0.2199,162.7390,175.7798,0.9059
on_cam.mp4,YOLO,70,421.4895,2,0.0104,0.0111,0.2430,0.2312,160.0744,173.3336,0.9164
on_cam.mp4,YOLO,71,441.0067,3,0.0177,0.0134,0.2432,0.2221,160.8851,173.7628,0.9323
on_cam.mp4,YOLO,72,466.0068,4,0.0207,0.0106,0.2521,0.2162,153.3852,169.5673,0.9428
on_cam.mp4,YOLO,73,426.6362,4,0.0191,0.0069,0.2455,0.2070,148.7198,168.0733,0.9308
on_cam.mp4,YOLO,74,425.9811,4,0.0204,0.0080,0.2323,0.1963,145.1374,165.2091,0.9276
on_cam.mp4,YOLO,75,415.2988,1,0.2015,0.2009,0.1659,0.1477,177.7355,176.3375,0.9850
on_cam.mp4,YOLO,76,416.0449,1,0.0040,0.2008,0.1657,0.1496,177.8452,176.5082,0.9865
on_cam.mp4,YOLO,77,416.4316,1,0.0035,0.0012,0.1656,0.1511,178.3859,176.7048,0.9867
on_cam.mp4,YOLO,78,430.8015,1,0.0043,0.0020,0.1697,0.1516,177.1424,175.9696,0.9770
on_cam.mp4,YOLO,79,446.8160,1,0.0048,0.0032,0.1694,0.1519,178.7138,177.3652,0.9893
on_cam.mp4,YOLO,80,464.5487,1,0.0045,0.0048,0.1695,0.1519,177.6525,176.0377,0.9775
on_cam.mp4,YOLO,81,446.7838,1,0.0076,0.0063,0.1669,0.1509,179.6364,177.6418,0.9887
on_cam.mp4,YOLO,82,421.4292,1,0.0064,0.0039,0.1651,0.1489,178.8927,177.9605,0.9889
on_cam.mp4,YOLO,83,504.6492,0,0.0103,0.0054,0.1649,0.1412,178.9208,177.7873,0.9600
on_cam.mp4,YOLO,84,845.1089,0,0.0098,0.0050,0.1577,0.1382,178.9992,178.0728,0.9584
on_cam.mp4,YOLO,85,453.8477,0,0.0131,0.0038,0.1510,0.1346,179.1628,177.8719,0.9601
on_cam.mp4,YOLO,86,423.0662,0,0.0172,0.0047,0.1445,0.1296,177.8239,177.9059,0.9652
on_cam.mp4,YOLO,87,415.7408,0,0.0143,0.0041,0.1400,0.1264,176.8602,176.8596,0.9662
on_cam.mp4,YOLO,88,419.9825,0,0.0153,0.0031,0.1374,0.1236,177.4144,176.4126,0.9651
on_cam.mp4,YOLO,89,415.5376,0,0.0167,0.0118,0.1459,0.1293,178.0655,176.6814,0.9641
on_cam.mp4,YOLO,90,415.6451,1,0.0055,0.0168,0.1451,0.1264,178.6605,176.6399,0.9916
on_cam.mp4,YOLO,91,432.5071,0,0.0130,0.0099,0.1474,0.1260,178.8993,176.2256,0.9652
on_cam.mp4,YOLO,92,448.2111,0,0.0248,0.0136,0.1521,0.1198,177.8363,175.1259,0.9591
on_cam.mp4,YOLO,93,550.3295,0,0.0287,0.0095,0.1585,0.1211,178.3267,175.8276,0.9654
on_cam.mp4,YOLO,94,457.1805,0,0.0340,0.0088,0.1693,0.1120,174.8561,175.3647,0.9635
on_cam.mp4,YOLO,95,419.8504,0,0.0353,0.0137,0.1818,0.1041,174.3380,175.1426,0.9677
on_cam.mp4,YOLO,96,416.8770,1,0.0272,0.0117,0.1823,0.0980,173.4154,175.1485,0.9146
on_cam.mp4,YOLO,97,419.6250,5,0.0110,0.0242,0.1818,0.0913,172.8872,174.8156,0.9595
on_cam.mp4,YOLO,98,413.8685,5,0.0146,0.0102,0.1856,0.0901,176.2530,175.7124,0.9626
on_cam.mp4,YOLO,99,410.2445,5,0.0160,0.0086,0.1880,0.0816,171.7365,175.9364,0.9522
on_cam.mp4,YOLO,100,418.4912,5,0.0166,0.0102,0.1874,0.0874,172.4725,176.1441,0.9828
on_cam.mp4,YOLO,101,411.9310,5,0.0181,0.0118,0.1854,0.1254,170.4334,175.9773,0.9836
on_cam.mp4,YOLO,102,422.0553,5,0.0243,0.0169,0.1992,0.1450,171.4122,177.6377,0.9873
on_cam.mp4,YOLO,103,438.7746,5,0.0264,0.0111,0.2079,0.1767,171.7449,176.9743,0.9860
on_cam.mp4,YOLO,104,446.9763,4,0.0197,0.0098,0.2149,0.1991,173.1861,174.9678,0.9821
on_cam.mp4,YOLO,105,452.0160,0,0.0281,0.0114,0.2240,0.2228,176.2250,173.6708,0.9689
on_cam.mp4,YOLO,106,466.8788,0,0.0440,0.0198,0.2344,0.2318,178.2207,173.5781,0.9705
on_cam.mp4,YOLO,107,428.2172,2,0.1017,0.0764,0.2483,0.0898,167.6918,172.9126,0.9696
on_cam.mp4,YOLO,108,440.7455,2,0.0507,0.1292,0.2496,0.1267,172.4634,172.2491,0.9624
on_cam.mp4,YOLO,109,769.9917,0,0.0605,0.0151,0.2496,0.1841,175.8504,171.3921,0.9386
on_cam.mp4,YOLO,110,440.8280,0,0.0466,0.0205,0.2571,0.2159,178.8414,172.3298,0.9166
on_cam.mp4,YOLO,111,439.1479,6,0.0240,0.0277,0.2710,0.2429,178.2969,173.8209,0.9195
on_cam.mp4,YOLO,112,416.3772,7,0.0350,0.0279,0.2559,0.2230,175.6716,174.4448,0.9324
on_cam.mp4,YOLO,113,438.7711,7,0.0140,0.0251,0.2629,0.2153,177.2462,174.2902,0.8909
on_cam.mp4,YOLO,114,451.2143,8,0.0062,0.0111,0.2632,0.2295,177.0202,174.9291,0.8814
on_cam.mp4,YOLO,115,456.8755,8,0.0057,0.0040,0.2702,0.2376,177.1453,175.1109,0.8763
on_cam.mp4,YOLO,116,520.3460,8,0.0038,0.0039,0.2733,0.2439,177.4043,175.1916,0.8690
on_cam.mp4,YOLO,117,421.1588,7,0.0060,0.0034,0.2783,0.2442,177.9128,174.3789,0.8599
on_cam.mp4,YOLO,118,414.8280,7,0.0175,0.0150,0.2798,0.2525,178.4332,175.5565,0.9288
on_cam.mp4,YOLO,119,439.9289,7,0.0146,0.0090,0.2819,0.2497,179.5673,175.3288,0.9590
on_cam.mp4,YOLO,120,421.9735,5,0.0233,0.0105,0.2805,0.2460,178.9608,173.9362,0.9491
on_cam.mp4,YOLO,121,421.2380,0,0.0403,0.0202,0.2802,0.2332,177.9037,173.5336,0.8822
on_cam.mp4,YOLO,122,421.0529,0,0.0544,0.0228,0.2724,0.2081,175.8567,172.8136,0.9444
on_cam.mp4,YOLO,123,414.0037,2,0.0548,0.0109,0.2700,0.1644,173.7718,174.2852,0.9687
on_cam.mp4,YOLO,124,416.4053,2,0.0426,0.0147,0.2598,0.1371,173.8132,175.5241,0.9632
on_cam.mp4,YOLO,125,414.5017,2,0.0245,0.0194,0.2577,0.1239,176.1745,175.8599,0.9486
on_cam.mp4,YOLO,126,424.3974,3,0.0151,0.0230,0.2541,0.1298,174.6275,176.3502,0.9752
on_cam.mp4,YOLO,127,463.0640,1,0.0303,0.0238,0.2395,0.1774,169.4116,176.5156,0.9346
on_cam.mp4,YOLO,128,513.8342,1,0.0184,0.0158,0.2393,0.1936,166.1515,175.6345,0.9364
on_cam.mp4,YOLO,129,420.6711,1,0.0192,0.0074,0.2408,0.1983,164.6189,174.0954,0.9502
on_cam.mp4,YOLO,130,415.6825,1,0.0172,0.0087,0.2431,0.2099,163.1300,173.4426,0.9408
on_cam.mp4,YOLO,131,411.8656,1,0.0127,0.0062,0.2455,0.2134,163.0863,172.8498,0.9443
on_cam.mp4,YOLO,132,420.9641,1,0.0100,0.0057,0.2431,0.2178,161.8900,172.4495,0.9432
on_cam.mp4,YOLO,133,427.0530,1,0.0073,0.0069,0.2380,0.2174,160.7904,172.6057,0.9348
on_cam.mp4,YOLO,134,426.2004,4,0.0093,0.0072,0.2401,0.2159,159.6080,173.3601,0.9615
on_cam.mp4,YOLO,135,418.7702,4,0.0123,0.0046,0.2420,0.2172,157.6104,173.8333,0.9552
on_cam.mp4,YOLO,136,455.6658,4,0.0159,0.0055,0.2400,0.2193,154.5019,175.3642,0.9426
on_cam.mp4,YOLO,137,432.1203,4,0.0164,0.0041,0.2371,0.2172,148.2176,172.4315,0.9278
on_cam.mp4,YOLO,138,467.7108,3,0.0206,0.0089,0.2300,0.2141,145.0395,174.5660,0.8576
on_cam.mp4,YOLO,139,456.5325,4,0.0177,0.0182,0.2324,0.1948,138.0738,168.2292,0.8721
on_cam.mp4,YOLO,140,417.3698,6,0.0220,0.0193,0.2204,0.2090,134.1383,164.1614,0.9509
on_cam.mp4,YOLO,141,422.7991,6,0.0201,0.0102,0.2177,0.1955,137.3299,163.1606,0.9289
on_cam.mp4,YOLO,142,433.4470,1,0.1680,0.1548,0.1620,0.1462,178.6668,176.8990,0.9760
on_cam.mp4,YOLO,143,425.2630,1,0.0022,0.1671,0.1612,0.1474,178.2440,176.6859,0.9748
on_cam.mp4,YOLO,144,418.9300,1,0.0030,0.0016,0.1607,0.1493,178.1043,176.4848,0.9811
on_cam.mp4,YOLO,145,427.3690,1,0.0023,0.0019,0.1613,0.1488,177.7157,176.3545,0.9819
on_cam.mp4,YOLO,146,410.9157,1,0.0024,0.0012,0.1615,0.1469,177.8976,176.4613,0.9820
on_cam.mp4,YOLO,147,422.3819,1,0.0026,0.0009,0.1618,0.1452,178.0214,176.5608,0.9822
on_cam.mp4,YOLO,148,418.2966,1,0.0028,0.0011,0.1602,0.1441,177.9175,176.5780,0.9823
on_cam.mp4,YOLO,149,415.1945,0,0.0044,0.0024,0.1605,0.1411,178.4482,176.9425,0.9531
on_cam.mp4,YOLO,150,483.4926,0,0.0052,0.0034,0.1589,0.1385,178.8695,177.0476,0.9540
on_cam.mp4,YOLO,151,428.6986,0,0.0094,0.0043,0.1567,0.1328,178.6802,177.0135,0.9541
on_cam.mp4,YOLO,152,442.7507,0,0.0121,0.0033,0.1522,0.1288,178.8000,176.8781,0.9508
on_cam.mp4,YOLO,153,428.8081,0,0.0153,0.0038,0.1447,0.1261,178.4962,177.5940,0.9627
on_cam.mp4,YOLO,154,419.0611,0,0.0157,0.0039,0.1402,0.1201,179.1735,177.5492,0.9690
on_cam.mp4,YOLO,155,411.6922,0,0.0109,0.0059,0.1364,0.1153,178.6223,177.5175,0.9686
on_cam.mp4,YOLO,156,418.1845,0,0.0066,0.0073,0.1364,0.1107,177.9552,177.7145,0.9695
on_cam.mp4,YOLO,157,415.3761,0,0.0155,0.0123,0.1412,0.1141,178.8047,176.7519,0.9741
on_cam.mp4,YOLO,158,447.0658,0,0.0208,0.0272,0.1460,0.1140,178.7121,176.6645,0.9725
on_cam.mp4,YOLO,159,418.6380,0,0.0295,0.0096,0.1543,0.1155,178.4365,175.9899,0.9694
on_cam.mp4,YOLO,160,422.8040,0,0.0351,0.0091,0.1760,0.1104,174.6883,175.6392,0.9625
on_cam.mp4,YOLO,161,426.5340,0,0.0368,0.0090,0.1761,0.1117,172.0282,175.0387,0.9614
on_cam.mp4,YOLO,162,451.0781,5,0.0235,0.0197,0.1751,0.1229,172.9527,174.7868,0.9096
on_cam.mp4,YOLO,163,450.6213,5,0.0107,0.0145,0.1963,0.1169,173.6357,174.7001,0.8933
on_cam.mp4,YOLO,164,482.1983,6,0.0075,0.0068,0.2016,0.1120,174.7028,175.1982,0.9051
on_cam.mp4,YOLO,165,438.7163,5,0.0085,0.0045,0.2079,0.1149,171.8172,176.1475,0.8803
on_cam.mp4,YOLO,166,437.1594,5,0.0101,0.0073,0.2118,0.1312,170.9290,175.7628,0.9079
on_cam.mp4,YOLO,167,440.3915,5,0.0173,0.0132,0.2086,0.1606,172.7525,175.3838,0.9340
on_cam.mp4,YOLO,168,416.3690,5,0.0188,0.0072,0.2152,0.1880,172.9978,175.3177,0.9463
on_cam.mp4,YOLO,169,420.6972,5,0.0237,0.0083,0.2221,0.2065,175.3974,175.5552,0.9810
on_cam.mp4,YOLO,170,434.5218,5,0.0280,0.0086,0.2310,0.2153,176.4726,175.6657,0.9849
on_cam.mp4,YOLO,171,431.6053,5,0.0299,0.0072,0.2351,0.2204,177.5003,174.8424,0.9911
on_cam.mp4,YOLO,172,423.4118,0,0.0224,0.0130,0.2302,0.2190,179.1732,175.1112,0.9605
on_cam.mp4,YOLO,173,457.7984,0,0.0511,0.0324,0.2339,0.2217,178.7484,174.7648,0.9637
on_cam.mp4,YOLO,174,436.1564,0,0.0556,0.0089,0.2312,0.2183,176.6327,173.2719,0.9658
on_cam.mp4,YOLO,175,461.2212,0,0.0472,0.0143,0.2205,0.1883,172.9419,173.3547,0.9545
on_cam.mp4,YOLO,176,450.0957,0,0.0342,0.0179,0.2051,0.1697,169.2964,171.6424,0.9606
on_cam.mp4,YOLO,177,455.3931,0,0.0166,0.0199,0.2020,0.1599,165.2423,170.0852,0.9630
on_cam.mp4,YOLO,178,423.1000,0,0.0110,0.0202,0.2110,0.1513,163.9903,170.4245,0.9613
on_cam.mp4,YOLO,179,419.7896,0,0.0262,0.0234,0.2194,0.1566,160.4614,170.3946,0.9594
on_cam.mp4,YOLO,180,423.4410,0,0.0416,0.0179,0.2320,0.1752,163.7775,172.4629,0.9583
on_cam.mp4,YOLO,181,415.3088,0,0.0493,0.0188,0.2346,0.2019,171.0760,174.0584,0.9612
on_cam.mp4,YOLO,182,438.0168,1,0.0510,0.0110,0.2419,0.2134,175.6424,173.6674,0.9849
on_cam.mp4,YOLO,183,433.3144,1,0.0453,0.0094,0.2445,0.2206,177.7795,173.6841,0.9654
on_cam.mp4,YOLO,184,490.5064,5,0.0263,0.0247,0.2460,0.2132,175.2840,173.5810,0.9333
on_cam.mp4,YOLO,185,537.6229,5,0.0153,0.0152,0.2497,0.2108,175.7934,173.8917,0.9341
on_cam.mp4,YOLO,186,434.9207,5,0.0132,0.0092,0.2529,0.2160,175.8173,174.3656,0.9429
on_cam.mp4,YOLO,187,416.9574,5,0.0277,0.0200,0.2509,0.2176,177.0157,174.4071,0.9701
on_cam.mp4,YOLO,188,419.9124,5,0.0170,0.0280,0.2521,0.2342,176.9126,174.2468,0.9690
on_cam.mp4,YOLO,189,432.6965,5,0.0165,0.0120,0.2573,0.2292,177.9387,175.6473,0.9579
on_cam.mp4,YOLO,190,418.7748,5,0.0195,0.0131,0.2649,0.2373,177.1098,175.5447,0.9561
on_cam.mp4,YOLO,191,426.8387,5,0.0205,0.0087,0.2648,0.2428,177.6083,175.6285,0.9725
on_cam.mp4,YOLO,192,415.6962,5,0.0217,0.0051,0.2627,0.2465,178.6107,176.2209,0.9742
on_cam.mp4,YOLO,193,416.4603,5,0.0304,0.0105,0.2608,0.2432,179.5952,176.9007,0.9796
on_cam.mp4,YOLO,194,440.9268,5,0.0265,0.0060,0.2653,0.2369,179.1593,176.8495,0.9536
on_cam.mp4,YOLO,195,519.7898,2,0.0274,0.0091,0.2646,0.2027,176.6373,176.2097,0.9327
on_cam.mp4,YOLO,196,467.3875,3,0.0384,0.0191,0.2523,0.1717,174.5492,175.7702,0.9768
on_cam.mp4,YOLO,197,432.7352,3,0.0311,0.0105,0.2564,0.1317,168.3638,174.4992,0.9707
on_cam.mp4,YOLO,198,416.6687,2,0.0069,0.0278,0.2548,0.1379,166.8608,173.4485,0.9527
on_cam.mp4,YOLO,199,417.4061,2,0.0048,0.0096,0.2574,0.1373,167.5831,173.7494,0.9565
on_cam.mp4,YOLO,200,442.3791,2,0.0165,0.0122,0.2591,0.1469,170.3047,174.3453,0.9563
on_cam.mp4,YOLO,201,431.0263,2,0.0227,0.0074,0.2593,0.1697,174.3192,175.4016,0.9553
on_cam.mp4,YOLO,202,413.2522,0,0.0328,0.0137,0.2515,0.2141,178.4770,175.7071,0.9315
on_cam.mp4,YOLO,203,424.9976,1,0.0162,0.0191,0.2590,0.2166,179.4373,175.4090,0.9096
on_cam.mp4,YOLO,204,418.8695,2,0.0107,0.0085,0.2604,0.2181,179.2133,175.2034,0.8963
on_cam.mp4,YOLO,205,426.1141,3,0.0049,0.0074,0.2602,0.2177,178.8793,174.8088,0.9189
on_cam.mp4,YOLO,206,417.3420,2,0.0051,0.0036,0.2598,0.2138,178.4367,174.5320,0.8957
on_cam.mp4,YOLO,207,459.0244,0,0.0108,0.0075,0.2568,0.2185,178.8290,173.7931,0.9231
on_cam.mp4,YOLO,208,456.5630,0,0.0149,0.0100,0.2574,0.1996,178.3430,173.5604,0.9346
on_cam.mp4,YOLO,209,420.2061,0,0.0143,0.0070,0.2500,0.1894,178.2864,173.0378,0.9415
on_cam.mp4,YOLO,210,417.4539,0,0.0139,0.0036,0.2427,0.1844,176.8664,172.9813,0.9504
on_cam.mp4,YOLO,211,414.4805,0,0.0087,0.0097,0.2432,0.1735,176.0163,173.0124,0.9475
on_cam.mp4,YOLO,212,415.5572,0,0.0075,0.0073,0.2414,0.1809,174.5627,172.7743,0.9477
on_cam.mp4,YOLO,213,414.5487,0,0.0108,0.0066,0.2424,0.1809,172.9473,172.3978,0.9435
on_cam.mp4,YOLO,214,416.6284,0,0.0136,0.0044,0.2411,0.1850,172.3389,171.8650,0.9330
on_cam.mp4,YOLO,215,410.7672,0,0.0139,0.0053,0.2423,0.1991,170.6244,172.3327,0.9586
on_cam.mp4,YOLO,216,410.9492,0,0.0123,0.0057,0.2409,0.1987,170.8099,172.1218,0.9466
on_cam.mp4,YOLO,217,421.5828,1,0.0158,0.0161,0.2328,0.1987,170.9498,172.8358,0.9802
on_cam.mp4,YOLO,218,420.3660,1,0.0121,0.0188,0.2383,0.2016,168.8444,173.2320,0.9746
on_cam.mp4,YOLO,219,448.3257,1,0.0113,0.0072,0.2387,0.2001,166.9082,173.1065,0.9734
on_cam.mp4,YOLO,220,439.2460,1,0.0120,0.0042,0.2371,0.1999,163.3477,172.6812,0.9738
on_cam.mp4,YOLO,221,462.8865,1,0.0125,0.0038,0.2348,0.1994,160.1744,172.1424,0.9748
on_cam.mp4,YOLO,222,439.9368,1,0.0136,0.0029,0.2345,0.1967,155.9176,172.2083,0.9701
on_cam.mp4,YOLO,223,414.6354,1,0.0137,0.0059,0.2413,0.1898,151.7549,172.8877,0.9585
on_cam.mp4,YOLO,224,419.3791,1,0.0160,0.0090,0.2416,0.1896,146.2280,174.5441,0.9559
on_cam.mp4,YOLO,225,436.4938,1,0.0144,0.0077,0.2468,0.1883,144.1898,176.6936,0.9350
on_cam.mp4,YOLO,226,419.2944,1,0.0198,0.0142,0.2391,0.2031,143.5543,178.3422,0.9281
on_cam.mp4,YOLO,227,428.2592,2,0.0143,0.0172,0.2384,0.2063,143.8104,178.1942,0.9343
on_cam.mp4,RTMPose,0,491.4521,0,,,0.1971,0.1657,178.9917,175.2553,5.0229
on_cam.mp4,RTMPose,1,480.8340,0,0.0016,,0.1983,0.1668,179.1705,175.4067,4.9995
on_cam.mp4,RTMPose,2,505.6109,0,0.0016,0.0022,0.1979,0.1644,178.7882,175.4914,5.0043
on_cam.mp4,RTMPose,3,445.1662,0,0.0014,0.0017,0.1981,0.1632,179.1647,175.3199,5.0098
on_cam.mp4,RTMPose,4,420.0270,0,0.0015,0.0016,0.1992,0.1631,178.5828,175.6536,5.0331
on_cam.mp4,RTMPose,5,430.1144,0,0.0030,0.0028,0.1984,0.1616,178.5728,176.0423,5.0745
on_cam.mp4,RTMPose,6,389.6657,0,0.0040,0.0022,0.1967,0.1619,178.3707,176.0613,5.1504
on_cam.mp4,RTMPose,7,369.8153,0,0.0078,0.0044,0.1933,0.1589,177.5206,176.4123,5.1690
on_cam.mp4,RTMPose,8,385.8312,0,0.0110,0.0036,0.1869,0.1544,176.9917,176.6885,5.1809
on_cam.mp4,RTMPose,9,374.0294,0,0.0166,0.0061,0.1756,0.1497,176.8323,176.2364,5.1872
on_cam.mp4,RTMPose,10,388.9820,0,0.0173,0.0030,0.1688,0.1459,176.7678,176.4355,5.1433
on_cam.mp4,RTMPose,11,373.8188,0,0.0200,0.0036,0.1642,0.1392,176.2632,176.1272,5.0108
on_cam.mp4,RTMPose,12,369.9414,0,0.0162,0.0047,0.1611,0.1345,174.6439,176.5888,4.8932
on_cam.mp4,RTMPose,13,418.7842,0,0.0118,0.0071,0.1606,0.1291,172.9642,175.4133,4.7867
on_cam.mp4,RTMPose,14,442.5342,0,0.0086,0.0110,0.1620,0.1220,171.4313,176.5603,4.7478
on_cam.mp4,RTMPose,15,497.7020,0,0.0161,0.0115,0.1677,0.1166,171.6815,175.6913,4.6726
on_cam.mp4,RTMPose,16,513.5733,0,0.0225,0.0140,0.1726,0.1114,173.6214,177.7364,4.6210
on_cam.mp4,RTMPose,17,391.4973,0,0.0304,0.0098,0.1810,0.1052,177.3366,176.7245,4.6066
on_cam.mp4,RTMPose,18,380.4481,0,0.0368,0.0095,0.1938,0.1012,175.6016,174.9622,4.7630
on_cam.mp4,RTMPose,19,398.1619,0,0.0398,0.0068,0.2042,0.0968,172.2881,174.8871,4.7454
on_cam.mp4,RTMPose,20,419.1103,0,0.0314,0.0148,0.2164,0.0949,169.6810,175.3328,4.9352
on_cam.mp4,RTMPose,21,405.6577,0,0.0219,0.0124,0.2178,0.0946,172.5614,175.7335,5.0834
on_cam.mp4,RTMPose,22,405.1071,0,0.0174,0.0163,0.2303,0.0908,171.2233,176.0956,4.6813
on_cam.mp4,RTMPose,23,385.6149,0,0.0121,0.0160,0.2381,0.0841,167.9541,177.4429,4.3148
on_cam.mp4,RTMPose,24,387.6597,0,0.0174,0.0127,0.2340,0.0958,168.5909,177.0613,4.0683
on_cam.mp4,RTMPose,25,490.5577,0,0.0165,0.0114,0.2282,0.1238,169.4041,177.4934,4.0750
on_cam.mp4,RTMPose,26,540.5069,0,0.0236,0.0146,0.2283,0.1531,168.6347,177.5070,3.9201
on_cam.mp4,RTMPose,27,417.3680,0,0.0269,0.0091,0.2324,0.1807,168.5369,176.6206,3.9489
on_cam.mp4,RTMPose,28,385.9444,0,0.0336,0.0133,0.2452,0.2075,170.0885,176.4714,4.2718
on_cam.mp4,RTMPose,29,518.5302,0,0.0357,0.0120,0.2522,0.2307,171.1519,175.6169,4.8665
on_cam.mp4,RTMPose,30,396.3912,0,0.0245,0.0312,0.2439,0.2359,174.3743,174.9199,4.9706
on_cam.mp4,RTMPose,31,393.3412,0,0.0455,0.0251,0.2427,0.2454,175.8695,174.2571,5.0009
on_cam.mp4,RTMPose,32,403.6725,0,0.0498,0.0130,0.2577,0.2007,176.2060,173.4653,5.2188
on_cam.mp4,RTMPose,33,381.8157,0,0.0536,0.0130,0.2516,0.1490,171.3560,173.7962,5.0608
on_cam.mp4,RTMPose,34,381.1311,0,0.0463,0.0156,0.2336,0.1144,171.2829,174.5980,4.9474
on_cam.mp4,RTMPose,35,383.3021,0,0.0347,0.0225,0.2307,0.0900,169.4533,171.5840,4.9154
on_cam.mp4,RTMPose,36,387.2143,0,0.0207,0.0211,0.2357,0.0831,164.0339,175.6372,4.9740
on_cam.mp4,RTMPose,37,512.6371,0,0.0134,0.0254,0.2442,0.0760,163.7432,177.1302,5.0575
on_cam.mp4,RTMPose,38,472.8517,0,0.0261,0.0193,0.2537,0.0729,163.4350,175.7617,5.0359
on_cam.mp4,RTMPose,39,389.0848,0,0.0375,0.0143,0.2645,0.0753,164.0916,175.5666,4.8441
on_cam.mp4,RTMPose,40,390.1461,0,0.0529,0.0168,0.2801,0.0861,165.2465,175.2961,4.9581
on_cam.mp4,RTMPose,41,399.4638,0,0.0593,0.0159,0.2691,0.1234,169.4192,172.8891,4.9125
on_cam.mp4,RTMPose,42,421.5773,0,0.0584,0.0122,0.2599,0.1667,176.6940,172.6249,5.0225
on_cam.mp4,RTMPose,43,391.4083,0,0.0448,0.0173,0.2726,0.2021,179.1291,173.3944,5.1845
on_cam.mp4,RTMPose,44,386.0316,0,0.0344,0.0163,0.2748,0.2315,178.4334,173.4313,4.9372
on_cam.mp4,RTMPose,45,464.8051,0,0.0539,0.0406,0.2675,0.2241,179.0302,174.5942,4.7391
on_cam.mp4,RTMPose,46,387.8925,0,0.0183,0.0396,0.2709,0.2214,179.2482,175.8922,4.4460
on_cam.mp4,RTMPose,47,388.8180,0,0.0130,0.0146,0.2747,0.2259,179.6909,176.7946,4.3179
on_cam.mp4,RTMPose,48,403.9598,0,0.0109,0.0162,0.2814,0.2359,179.2617,176.2684,4.3875
on_cam.mp4,RTMPose,49,534.6647,0,0.0072,0.0128,0.2810,0.2451,179.6283,176.9473,4.5518
on_cam.mp4,RTMPose,50,463.3059,0,0.0193,0.0135,0.2798,0.2534,179.4553,176.7772,4.5631
on_cam.mp4,RTMPose,51,401.7747,0,0.0210,0.0252,0.2850,0.2481,179.5305,176.1557,4.5685
on_cam.mp4,RTMPose,52,403.6485,0,0.0246,0.0227,0.2838,0.2512,179.5402,176.6416,4.6562
on_cam.mp4,RTMPose,53,391.2484,0,0.0322,0.0171,0.2801,0.2466,178.7848,176.4458,4.3045
on_cam.mp4,RTMPose,54,392.5915,0,0.0411,0.0138,0.2803,0.2378,178.4677,176.7355,5.0228
on_cam.mp4,RTMPose,55,387.9232,0,0.0509,0.0161,0.2845,0.1998,175.2523,176.4903,5.0919
on_cam.mp4,RTMPose,56,422.8970,0,0.0555,0.0088,0.2731,0.1572,170.5754,175.9721,5.0610
on_cam.mp4,RTMPose,57,384.9696,0,0.0454,0.0151,0.2821,0.1186,169.6196,176.8496,4.9604
on_cam.mp4,RTMPose,58,387.2073,0,0.0307,0.0189,0.2942,0.0952,163.5384,178.5015,5.0541
on_cam.mp4,RTMPose,59,393.3702,0,0.0178,0.0222,0.2935,0.0968,160.1419,176.9902,5.2519
on_cam.mp4,RTMPose,60,401.2237,0,0.0382,0.0412,0.2654,0.1570,161.8879,175.1345,5.2729
on_cam.mp4,RTMPose,61,463.6211,0,0.0238,0.0217,0.2660,0.1744,162.0256,174.7026,5.1212
on_cam.mp4,RTMPose,62,421.1501,0,0.0200,0.0099,0.2543,0.1876,161.6160,174.9520,5.1445
on_cam.mp4,RTMPose,63,385.7445,0,0.0229,0.0089,0.2530,0.2022,162.7551,175.4739,5.2431
on_cam.mp4,RTMPose,64,386.8583,0,0.0166,0.0093,0.2521,0.2078,162.8029,176.1767,5.3432
on_cam.mp4,RTMPose,65,396.2868,0,0.0118,0.0068,0.2452,0.2128,161.5838,176.9483,5.2077
on_cam.mp4,RTMPose,66,397.7178,0,0.0110,0.0093,0.2456,0.2147,160.6655,177.1784,4.8887
on_cam.mp4,RTMPose,67,387.6672,0,0.0143,0.0141,0.2419,0.2206,161.4822,177.0897,4.6912
on_cam.mp4,RTMPose,68,393.8698,0,0.0106,0.0112,0.2420,0.2203,162.2440,177.1314,4.5786
on_cam.mp4,RTMPose,69,409.2943,0,0.0161,0.0113,0.2484,0.2306,160.6653,173.2858,4.6341
on_cam.mp4,RTMPose,70,408.2667,0,0.0122,0.0125,0.2464,0.2399,159.5118,169.7162,4.3710
on_cam.mp4,RTMPose,71,422.2392,0,0.0140,0.0092,0.2511,0.2371,159.2764,169.2301,4.6576
on_cam.mp4,RTMPose,72,403.4381,0,0.0152,0.0075,0.2635,0.2219,153.5175,167.6000,4.7170
on_cam.mp4,RTMPose,73,442.1863,0,0.0130,0.0086,0.2581,0.2151,148.8006,165.6391,4.5570
on_cam.mp4,RTMPose,74,479.1667,0,0.0151,0.0063,0.2435,0.2075,145.5104,164.7003,4.5983
on_cam.mp4,RTMPose,75,490.0045,0,0.2537,0.2631,0.1751,0.1418,177.8221,175.7185,4.9263
on_cam.mp4,RTMPose,76,515.7137,0,0.0026,0.2547,0.1760,0.1416,178.4192,175.9915,4.9691
on_cam.mp4,RTMPose,77,470.2949,0,0.0029,0.0013,0.1764,0.1412,179.4057,176.4374,4.9449
on_cam.mp4,RTMPose,78,490.9657,0,0.0025,0.0018,0.1764,0.1424,179.0706,176.9065,5.0152
on_cam.mp4,RTMPose,79,396.6966,0,0.0022,0.0018,0.1753,0.1440,179.1728,176.9891,5.0202
on_cam.mp4,RTMPose,80,414.8641,0,0.0021,0.0023,0.1750,0.1454,179.0467,176.6290,5.0329
on_cam.mp4,RTMPose,81,388.7539,0,0.0069,0.0057,0.1715,0.1405,179.3776,177.4651,5.0492
on_cam.mp4,RTMPose,82,386.0947,0,0.0048,0.0033,0.1709,0.1386,179.0303,177.7140,4.9998
on_cam.mp4,RTMPose,83,399.6324,0,0.0080,0.0036,0.1694,0.1341,178.4358,177.3127,5.0930
on_cam.mp4,RTMPose,84,432.9843,0,0.0111,0.0044,0.1602,0.1329,178.2022,177.6413,5.0769
on_cam.mp4,RTMPose,85,572.4332,0,0.0116,0.0032,0.1531,0.1317,177.9973,177.8068,4.9472
on_cam.mp4,RTMPose,86,386.7706,0,0.0157,0.0047,0.1463,0.1283,177.6156,177.5714,4.8118
on_cam.mp4,RTMPose,87,392.9365,0,0.0165,0.0027,0.1436,0.1218,177.6157,176.9217,4.7738
on_cam.mp4,RTMPose,88,476.6531,0,0.0144,0.0037,0.1402,0.1218,176.9704,177.8258,4.7491
on_cam.mp4,RTMPose,89,415.8188,0,0.0172,0.0115,0.1487,0.1226,175.9699,178.9820,4.6365
on_cam.mp4,RTMPose,90,389.8802,0,0.0043,0.0168,0.1490,0.1202,175.8457,178.4835,4.4981
on_cam.mp4,RTMPose,91,400.8156,0,0.0141,0.0117,0.1549,0.1158,176.3218,178.9870,4.5444
on_cam.mp4,RTMPose,92,391.4934,0,0.0227,0.0110,0.1568,0.1168,177.1777,178.1128,4.4794
on_cam.mp4,RTMPose,93,404.8224,0,0.0307,0.0096,0.1697,0.1080,179.4473,177.6206,4.5155
on_cam.mp4,RTMPose,94,434.0593,0,0.0358,0.0083,0.1795,0.1000,177.1916,177.4454,4.6705
on_cam.mp4,RTMPose,95,389.7121,0,0.0343,0.0095,0.1825,0.0972,176.2877,177.3166,4.7168
on_cam.mp4,RTMPose,96,472.5733,0,0.0256,0.0118,0.1910,0.0832,172.7842,176.4015,4.6552
on_cam.mp4,RTMPose,97,489.5777,0,0.0133,0.0165,0.1935,0.0751,171.8968,176.3161,4.4061
on_cam.mp4,RTMPose,98,399.3605,0,0.0134,0.0121,0.2031,0.0616,169.6432,176.3418,3.8978
on_cam.mp4,RTMPose,99,416.8099,0,0.0169,0.0107,0.2095,0.0500,173.6691,176.8412,3.6029
on_cam.mp4,RTMPose,100,394.2053,0,0.0170,0.0123,0.2103,0.0576,173.6161,176.9619,3.6859
on_cam.mp4,RTMPose,101,385.3050,0,0.0194,0.0132,0.1932,0.1081,173.8237,177.0165,3.7957
on_cam.mp4,RTMPose,102,383.2603,0,0.0251,0.0142,0.2147,0.1241,169.3013,176.1351,3.9673
on_cam.mp4,RTMPose,103,414.6293,0,0.0238,0.0102,0.2201,0.1693,169.8618,173.7689,4.6221
on_cam.mp4,RTMPose,104,388.4695,0,0.0223,0.0113,0.2165,0.2058,173.2880,173.1052,4.9746
on_cam.mp4,RTMPose,105,385.0390,0,0.0372,0.0178,0.2247,0.2292,176.8426,173.3285,5.0427
on_cam.mp4,RTMPose,106,412.1256,0,0.0405,0.0075,0.2282,0.2423,178.0783,173.1850,5.2692
on_cam.mp4,RTMPose,107,390.9643,0,0.1099,0.0762,0.2554,0.1480,168.5402,172.8154,5.0048
on_cam.mp4,RTMPose,108,485.5676,0,0.0524,0.1428,0.2470,0.1763,171.2888,170.9638,4.9506
on_cam.mp4,RTMPose,109,455.8249,0,0.0532,0.0118,0.2491,0.1971,175.5616,171.7550,4.8083
on_cam.mp4,RTMPose,110,390.3660,0,0.0492,0.0114,0.2613,0.2206,179.5960,172.8040,5.0198
on_cam.mp4,RTMPose,111,389.2631,0,0.0340,0.0213,0.2701,0.2255,178.7842,173.6751,4.8525
on_cam.mp4,RTMPose,112,401.2560,0,0.0498,0.0349,0.2721,0.2123,178.0746,174.3722,4.5685
on_cam.mp4,RTMPose,113,389.6840,0,0.0183,0.0365,0.2742,0.2150,178.9983,175.6694,4.2697
on_cam.mp4,RTMPose,114,390.0988,0,0.0082,0.0137,0.2775,0.2207,179.0903,176.4458,4.2880
on_cam.mp4,RTMPose,115,406.1334,0,0.0055,0.0057,0.2884,0.2254,178.3349,175.1551,4.3713
on_cam.mp4,RTMPose,116,383.4897,0,0.0045,0.0068,0.2891,0.2350,179.2390,175.9378,4.3697
on_cam.mp4,RTMPose,117,387.3534,0,0.0099,0.0073,0.2879,0.2424,179.1540,176.6824,4.3785
on_cam.mp4,RTMPose,118,394.2100,0,0.0203,0.0140,0.2908,0.2438,179.3686,176.8472,4.2691
on_cam.mp4,RTMPose,119,427.3335,0,0.0292,0.0202,0.2878,0.2391,179.7029,176.3623,4.7532
on_cam.mp4,RTMPose,120,401.4280,0,0.0287,0.0182,0.2879,0.2453,178.3975,175.2623,4.8164
on_cam.mp4,RTMPose,121,526.3238,0,0.0443,0.0199,0.2863,0.2353,177.8730,175.7049,4.9043
on_cam.mp4,RTMPose,122,424.3653,0,0.0558,0.0214,0.2883,0.1982,174.7916,175.5816,4.9315
on_cam.mp4,RTMPose,123,383.2156,0,0.0533,0.0101,0.2830,0.1590,173.8375,176.2432,5.0212
on_cam.mp4,RTMPose,124,407.9022,0,0.0433,0.0126,0.2892,0.1287,172.7258,176.7176,5.0647
on_cam.mp4,RTMPose,125,381.7805,0,0.0247,0.0237,0.2910,0.1184,170.6093,176.4752,4.9471
on_cam.mp4,RTMPose,126,378.1242,0,0.0142,0.0206,0.2921,0.1208,166.9409,173.8734,5.1211
on_cam.mp4,RTMPose,127,382.5213,0,0.0337,0.0317,0.2679,0.1599,166.9710,174.2913,5.2817
on_cam.mp4,RTMPose,128,412.7556,0,0.0206,0.0165,0.2610,0.1805,165.1245,174.5877,5.1599
on_cam.mp4,RTMPose,129,383.0965,0,0.0196,0.0059,0.2544,0.1994,163.5763,173.1461,5.2387
on_cam.mp4,RTMPose,130,384.8329,0,0.0166,0.0079,0.2542,0.2055,162.6651,171.6884,5.1665
on_cam.mp4,RTMPose,131,402.7345,0,0.0153,0.0067,0.2504,0.2110,162.3064,171.9903,5.2138
on_cam.mp4,RTMPose,132,381.0128,0,0.0096,0.0081,0.2462,0.2156,162.0483,172.6575,5.1650
on_cam.mp4,RTMPose,133,459.3733,0,0.0079,0.0070,0.2452,0.2160,161.4021,173.8233,5.0512
on_cam.mp4,RTMPose,134,449.9822,0,0.0128,0.0104,0.2450,0.2146,160.7559,175.4852,4.8943
on_cam.mp4,RTMPose,135,379.7584,0,0.0122,0.0118,0.2466,0.2154,158.0808,176.2806,4.8682
on_cam.mp4,RTMPose,136,381.4193,0,0.0166,0.0075,0.2454,0.2181,155.0517,176.4826,4.8850
on_cam.mp4,RTMPose,137,391.2497,0,0.0182,0.0095,0.2341,0.2230,149.1062,174.3932,4.6482
on_cam.mp4,RTMPose,138,383.1426,0,0.0222,0.0131,0.2460,0.2067,141.5867,171.5127,4.3221
on_cam.mp4,RTMPose,139,387.7722,0,0.0155,0.0125,0.2362,0.2040,134.8286,167.1280,4.4256
on_cam.mp4,RTMPose,140,384.6896,0,0.0165,0.0109,0.2289,0.2041,131.5832,162.4950,4.2174
on_cam.mp4,RTMPose,141,402.1662,0,0.0147,0.0164,0.2139,0.2053,135.9094,161.2717,4.1554
on_cam.mp4,RTMPose,142,378.8605,0,0.2291,0.2314,0.1659,0.1385,178.6949,176.9998,5.0430
on_cam.mp4,RTMPose,143,378.1313,0,0.0013,0.2292,0.1663,0.1403,178.7270,177.1241,5.0903
on_cam.mp4,RTMPose,144,397.8141,0,0.0016,0.0016,0.1652,0.1410,178.3528,177.1461,5.0818
on_cam.mp4,RTMPose,145,441.0488,0,0.0016,0.0016,0.1637,0.1423,178.7936,176.8421,5.0935
on_cam.mp4,RTMPose,146,492.7242,0,0.0020,0.0022,0.1664,0.1381,178.8713,177.3848,5.1243
on_cam.mp4,RTMPose,147,425.8612,0,0.0017,0.0020,0.1636,0.1392,178.8956,177.6738,5.1217
on_cam.mp4,RTMPose,148,383.8690,0,0.0019,0.0015,0.1620,0.1392,179.3017,177.3450,5.1632
on_cam.mp4,RTMPose,149,393.6537,0,0.0028,0.0017,0.1620,0.1375,178.8884,177.3258,5.1431
on_cam.mp4,RTMPose,150,403.8239,0,0.0052,0.0027,0.1599,0.1359,178.9557,177.6585,5.1279
on_cam.mp4,RTMPose,151,378.5970,0,0.0095,0.0046,0.1547,0.1311,178.7440,177.8007,5.1038
on_cam.mp4,RTMPose,152,384.0491,0,0.0118,0.0039,0.1480,0.1288,177.8435,178.0683,5.0156
on_cam.mp4,RTMPose,153,379.0197,0,0.0147,0.0040,0.1451,0.1215,177.3797,179.0600,5.0161
on_cam.mp4,RTMPose,154,417.7202,0,0.0151,0.0026,0.1428,0.1161,178.0473,178.5568,4.9459
on_cam.mp4,RTMPose,155,378.6964,0,0.0114,0.0050,0.1438,0.1090,177.0301,178.7855,4.8313
on_cam.mp4,RTMPose,156,382.4008,0,0.0064,0.0084,0.1411,0.1052,175.8579,179.6157,4.6694
on_cam.mp4,RTMPose,157,396.4866,0,0.0161,0.0131,0.1495,0.1065,175.9243,179.4318,4.5934
on_cam.mp4,RTMPose,158,486.1225,0,0.0204,0.0259,0.1545,0.1051,178.3102,178.9725,4.7258
on_cam.mp4,RTMPose,159,401.9955,0,0.0284,0.0094,0.1587,0.1066,179.1120,177.0011,4.7282
on_cam.mp4,RTMPose,160,388.6884,0,0.0341,0.0076,0.1698,0.1044,176.1882,176.2399,4.8011
on_cam.mp4,RTMPose,161,375.3091,0,0.0385,0.0094,0.1767,0.1082,172.6780,174.9825,4.6315
on_cam.mp4,RTMPose,162,376.1540,0,0.0263,0.0157,0.1810,0.1122,173.3204,175.2796,4.8244
on_cam.mp4,RTMPose,163,378.3122,0,0.0158,0.0135,0.1954,0.1023,176.9098,176.0129,4.6184
on_cam.mp4,RTMPose,164,401.7465,0,0.0082,0.0114,0.2068,0.0947,177.0131,176.7915,4.3748
on_cam.mp4,RTMPose,165,384.4945,0,0.0095,0.0106,0.2153,0.0983,176.0541,176.1667,4.2435
on_cam.mp4,RTMPose,166,377.1970,0,0.0096,0.0098,0.2061,0.1235,176.1346,174.9346,4.1776
on_cam.mp4,RTMPose,167,387.4307,0,0.0159,0.0129,0.2120,0.1462,176.4322,175.1121,4.0811
on_cam.mp4,RTMPose,168,413.8668,0,0.0195,0.0070,0.2186,0.1696,175.7892,175.5787,4.2985
on_cam.mp4,RTMPose,169,372.8501,0,0.0274,0.0104,0.2243,0.1928,176.6938,175.7134,4.4667
on_cam.mp4,RTMPose,170,438.0173,0,0.0279,0.0104,0.2342,0.2137,177.5733,175.1538,4.0329
on_cam.mp4,RTMPose,171,476.8929,0,0.0315,0.0119,0.2365,0.2261,178.6623,174.7056,4.7364
on_cam.mp4,RTMPose,172,429.1556,0,0.0277,0.0200,0.2279,0.2218,179.4394,174.7903,4.9400
on_cam.mp4,RTMPose,173,399.5696,0,0.0494,0.0259,0.2309,0.2219,177.0403,173.0982,5.2756
on_cam.mp4,RTMPose,174,372.0591,0,0.0530,0.0092,0.2269,0.2170,174.2525,172.3399,5.2016
on_cam.mp4,RTMPose,175,382.6486,0,0.0511,0.0091,0.2256,0.1807,169.4753,171.8484,5.2412
on_cam.mp4,RTMPose,176,467.3865,0,0.0348,0.0213,0.2215,0.1572,163.3426,169.3700,5.2164
on_cam.mp4,RTMPose,177,443.9982,0,0.0179,0.0196,0.2237,0.1466,157.1958,167.2057,5.2482
on_cam.mp4,RTMPose,178,378.1468,0,0.0099,0.0214,0.2330,0.1387,157.5589,167.3393,5.0228
on_cam.mp4,RTMPose,179,376.3632,0,0.0255,0.0205,0.2357,0.1381,157.6634,169.1380,4.8257
on_cam.mp4,RTMPose,180,517.3712,0,0.0394,0.0161,0.2369,0.1497,159.4705,169.9847,4.8654
on_cam.mp4,RTMPose,181,373.3342,0,0.0513,0.0136,0.2387,0.1697,166.9577,173.7192,4.8057
on_cam.mp4,RTMPose,182,446.8567,0,0.0519,0.0109,0.2360,0.1975,176.2823,174.2283,4.8806
on_cam.mp4,RTMPose,183,546.7014,0,0.0491,0.0106,0.2476,0.2021,179.4406,175.2158,4.9807
on_cam.mp4,RTMPose,184,404.8485,0,0.0316,0.0206,0.2568,0.1944,175.7889,174.8467,4.9540
on_cam.mp4,RTMPose,185,382.5263,0,0.0194,0.0166,0.2634,0.1936,175.2382,174.5607,4.6846
on_cam.mp4,RTMPose,186,379.5447,0,0.0143,0.0095,0.2662,0.2039,176.1942,174.0102,4.4552
on_cam.mp4,RTMPose,187,509.4255,0,0.0302,0.0237,0.2607,0.2035,176.3123,174.8506,4.2585
on_cam.mp4,RTMPose,188,436.2513,0,0.0161,0.0265,0.2600,0.2157,176.1514,175.9951,4.3670
on_cam.mp4,RTMPose,189,400.3171,0,0.0158,0.0091,0.2631,0.2268,176.0898,176.5299,4.6360
on_cam.mp4,RTMPose,190,497.4902,0,0.0178,0.0083,0.2713,0.2344,176.1767,175.1704,4.2002
on_cam.mp4,RTMPose,191,394.3746,0,0.0214,0.0104,0.2750,0.2373,176.8744,175.6574,4.3167
on_cam.mp4,RTMPose,192,374.4522,0,0.0243,0.0084,0.2760,0.2468,179.0107,175.8315,4.2208
on_cam.mp4,RTMPose,193,374.5812,0,0.0289,0.0098,0.2747,0.2485,178.7110,175.3332,4.4094
on_cam.mp4,RTMPose,194,535.3610,0,0.0303,0.0079,0.2772,0.2405,179.3397,175.6694,5.1218
on_cam.mp4,RTMPose,195,447.9715,0,0.0370,0.0169,0.2770,0.1937,176.6267,175.6711,5.2434
on_cam.mp4,RTMPose,196,446.6704,0,0.0430,0.0099,0.2734,0.1517,171.9587,175.3195,5.2843
on_cam.mp4,RTMPose,197,377.5192,0,0.0310,0.0134,0.2744,0.1205,165.1826,173.5348,5.1674
on_cam.mp4,RTMPose,198,386.1602,0,0.0080,0.0249,0.2789,0.1170,161.5545,171.8363,5.2543
on_cam.mp4,RTMPose,199,392.7316,0,0.0073,0.0139,0.2754,0.1229,164.2209,172.3693,5.3585
on_cam.mp4,RTMPose,200,372.9388,0,0.0155,0.0089,0.2721,0.1400,168.9558,173.2453,5.4409
on_cam.mp4,RTMPose,201,370.2305,0,0.0228,0.0081,0.2768,0.1632,173.9593,175.1572,5.4056
on_cam.mp4,RTMPose,202,395.2162,0,0.0334,0.0140,0.2682,0.2012,177.1358,175.1509,5.2936
on_cam.mp4,RTMPose,203,395.8995,0,0.0170,0.0186,0.2763,0.2101,178.5018,173.7606,5.3029
on_cam.mp4,RTMPose,204,379.9645,0,0.0124,0.0091,0.2756,0.2171,179.0226,174.0902,4.8943
on_cam.mp4,RTMPose,205,379.9954,0,0.0054,0.0089,0.2812,0.2115,179.4549,173.5757,4.9005
on_cam.mp4,RTMPose,206,496.9573,0,0.0076,0.0059,0.2831,0.2046,179.2335,173.1299,4.8694
on_cam.mp4,RTMPose,207,451.0835,0,0.0104,0.0067,0.2791,0.1974,178.7303,172.4874,5.0235
on_cam.mp4,RTMPose,208,392.1627,0,0.0166,0.0075,0.2773,0.1811,178.1241,171.7369,5.0083
on_cam.mp4,RTMPose,209,374.8575,0,0.0153,0.0051,0.2677,0.1699,176.4682,172.0502,4.9532
on_cam.mp4,RTMPose,210,373.7151,0,0.0133,0.0067,0.2773,0.1500,173.0371,171.3228,4.9103
on_cam.mp4,RTMPose,211,376.2048,0,0.0091,0.0076,0.2769,0.1476,170.2372,171.4645,5.0003
on_cam.mp4,RTMPose,212,384.3577,0,0.0083,0.0096,0.2713,0.1594,168.0715,170.3807,5.0697
on_cam.mp4,RTMPose,213,379.2672,0,0.0111,0.0063,0.2728,0.1661,166.7179,169.4110,5.1044
on_cam.mp4,RTMPose,214,374.3453,0,0.0125,0.0041,0.2666,0.1765,166.1633,169.2270,5.0448
on_cam.mp4,RTMPose,215,405.2078,0,0.0136,0.0032,0.2624,0.1859,166.8737,169.6142,5.0196
on_cam.mp4,RTMPose,216,390.6509,0,0.0133,0.0049,0.2605,0.1890,166.0162,169.9895,4.9840
on_cam.mp4,RTMPose,217,389.3897,0,0.0171,0.0186,0.2536,0.1840,166.8468,170.8929,5.0145
on_cam.mp4,RTMPose,218,369.3945,0,0.0109,0.0194,0.2584,0.1880,167.5648,171.1411,4.9480
on_cam.mp4,RTMPose,219,500.6437,0,0.0117,0.0050,0.2572,0.1864,164.9605,171.2279,5.0078
on_cam.mp4,RTMPose,220,492.0735,0,0.0125,0.0054,0.2519,0.1871,161.8578,170.9959,4.9983
on_cam.mp4,RTMPose,221,485.5898,0,0.0139,0.0039,0.2493,0.1864,158.7437,170.6129,5.0153
on_cam.mp4,RTMPose,222,469.8192,0,0.0139,0.0035,0.2526,0.1838,154.8464,169.7589,4.9583
on_cam.mp4,RTMPose,223,465.4488,0,0.0131,0.0044,0.2563,0.1828,148.8603,171.0608,4.8618
on_cam.mp4,RTMPose,224,496.2151,0,0.0138,0.0033,0.2535,0.1888,143.3704,172.2319,4.9101
on_cam.mp4,RTMPose,225,374.5905,0,0.0136,0.0061,0.2691,0.1787,141.3310,172.2779,4.8632
on_cam.mp4,RTMPose,226,367.5800,0,0.0144,0.0090,0.2643,0.1890,141.2000,173.3906,4.9506
on_cam.mp4,RTMPose,227,378.9892,0,0.0157,0.0046,0.2537,0.1975,141.7047,175.6321,4.9324
yan_cam.mp4,MediaPipe,0,175.3695,0,,,0.1618,0.1620,173.7219,177.6694,0.7550
yan_cam.mp4,MediaPipe,1,53.1768,0,0.0018,,0.1651,0.1616,174.3519,177.6791,0.7556
yan_cam.mp4,MediaPipe,2,62.0660,0,0.0026,0.0018,0.1678,0.1615,174.1601,177.6542,0.7576
yan_cam.mp4,MediaPipe,3,52.6841,0,0.0029,0.0010,0.1701,0.1613,174.2473,177.6941,0.7622
yan_cam.mp4,MediaPipe,4,52.5320,0,0.0049,0.0025,0.1698,0.1602,173.4381,177.2924,0.7659
yan_cam.mp4,MediaPipe,5,53.3631,0,0.0053,0.0015,0.1702,0.1602,171.5026,173.4640,0.7733
yan_cam.mp4,MediaPipe,6,52.0676,0,0.0066,0.0026,0.1726,0.1612,169.9811,169.7205,0.7777
yan_cam.mp4,MediaPipe,7,53.6899,0,0.0089,0.0031,0.1748,0.1632,164.9517,163.3893,0.7807
yan_cam.mp4,MediaPipe,8,53.3522,0,0.0121,0.0045,0.1760,0.1648,158.1624,156.2384,0.7815
yan_cam.mp4,MediaPipe,9,52.0774,0,0.0153,0.0058,0.1740,0.1667,150.5652,147.6307,0.7853
yan_cam.mp4,MediaPipe,10,51.5657,0,0.0187,0.0048,0.1626,0.1680,141.2149,138.2679,0.7882
yan_cam.mp4,MediaPipe,11,51.6052,0,0.0190,0.0029,0.1603,0.1688,132.1609,128.5572,0.7883
yan_cam.mp4,MediaPipe,12,51.7648,0,0.0204,0.0060,0.1601,0.1672,123.0498,120.5093,0.7876
yan_cam.mp4,MediaPipe,13,53.2058,0,0.0209,0.0063,0.1613,0.1659,115.2376,113.9619,0.7880
yan_cam.mp4,MediaPipe,14,53.4806,0,0.0205,0.0148,0.1669,0.1621,102.8237,106.9738,0.7910
yan_cam.mp4,MediaPipe,15,54.0845,0,0.0239,0.0238,0.1691,0.1630,106.1088,113.1207,0.7977
yan_cam.mp4,MediaPipe,16,55.0076,0,0.0307,0.0222,0.1727,0.1618,108.6336,118.5609,0.8087
yan_cam.mp4,MediaPipe,17,53.9001,0,0.0320,0.0141,0.1686,0.1666,109.6765,126.2278,0.8051
yan_cam.mp4,MediaPipe,18,53.9980,0,0.0382,0.0144,0.1647,0.1671,111.7472,134.6163,0.7974
yan_cam.mp4,MediaPipe,19,54.8893,0,0.0421,0.0118,0.1749,0.1716,108.7465,145.2012,0.7736
yan_cam.mp4,MediaPipe,20,54.2743,0,0.0368,0.0125,0.1871,0.1701,114.1538,158.3411,0.7573
yan_cam.mp4,MediaPipe,21,54.8446,0,0.0406,0.0174,0.1871,0.1647,119.0011,169.3079,0.7449
yan_cam.mp4,MediaPipe,22,54.5316,0,0.0281,0.0221,0.1785,0.1664,121.4125,172.5143,0.7262
yan_cam.mp4,MediaPipe,23,53.8603,0,0.0299,0.0258,0.1764,0.1750,117.7026,168.9694,0.7078
yan_cam.mp4,MediaPipe,24,52.5027,0,0.0430,0.0356,0.1780,0.1799,117.0767,166.8776,0.6983
yan_cam.mp4,MediaPipe,25,52.3118,0,0.0452,0.0247,0.1772,0.1664,111.5428,158.1062,0.7048
yan_cam.mp4,MediaPipe,26,51.7763,0,0.0491,0.0184,0.1780,0.1657,111.7592,150.2687,0.7244
yan_cam.mp4,MediaPipe,27,51.8716,0,0.0058,0.0447,0.1782,0.1649,112.2385,150.1557,0.7424
yan_cam.mp4,MediaPipe,28,51.9825,0,0.0432,0.0387,0.1785,0.1584,116.6250,145.9590,0.7606
yan_cam.mp4,MediaPipe,29,51.8990,0,0.0452,0.0146,0.1836,0.1666,130.5708,142.3635,0.7744
yan_cam.mp4,MediaPipe,30,52.2302,0,0.0546,0.0209,0.1856,0.1848,143.0862,140.1134,0.7761
yan_cam.mp4,MediaPipe,31,51.7597,0,0.0586,0.0696,0.1813,0.1855,153.7423,141.9115,0.7722
yan_cam.mp4,MediaPipe,32,51.6880,0,0.0492,0.0533,0.1834,0.1872,161.4428,142.0629,0.7776
yan_cam.mp4,MediaPipe,33,51.7051,0,0.0427,0.0269,0.1802,0.1879,152.1889,141.0701,0.7837
yan_cam.mp4,MediaPipe,34,51.7601,0,0.0404,0.0164,0.1755,0.1702,142.1963,140.2964,0.7883
yan_cam.mp4,MediaPipe,35,52.1168,0,0.0387,0.0181,0.1622,0.1637,120.1292,133.2181,0.7953
yan_cam.mp4,MediaPipe,36,52.5361,0,0.0354,0.0226,0.1651,0.1770,98.0795,115.7557,0.8021
yan_cam.mp4,MediaPipe,37,52.2730,0,0.0489,0.0404,0.1522,0.1702,100.6123,118.9297,0.7747
yan_cam.mp4,MediaPipe,38,51.6741,0,0.0211,0.0411,0.1569,0.1703,104.8745,125.3177,0.7545
yan_cam.mp4,MediaPipe,39,52.7741,0,0.0255,0.0238,0.1554,0.1681,108.1323,129.6007,0.7307
yan_cam.mp4,MediaPipe,40,53.8324,0,0.0494,0.0341,0.1542,0.1677,113.2195,135.6235,0.7134
yan_cam.mp4,MediaPipe,41,54.0695,0,0.0226,0.0507,0.1557,0.1726,120.3062,141.5877,0.7083
yan_cam.mp4,MediaPipe,42,53.6538,0,0.0611,0.0568,0.1564,0.1652,138.8413,155.4850,0.6892
yan_cam.mp4,MediaPipe,43,53.5652,0,0.0677,0.0966,0.1749,0.1692,156.7204,168.5425,0.6841
yan_cam.mp4,MediaPipe,44,62.4790,0,0.0708,0.1038,0.1764,0.1675,166.1364,177.4861,0.6749
yan_cam.mp4,MediaPipe,45,65.4685,0,0.0430,0.0320,0.1683,0.1732,164.9893,179.3422,0.6589
yan_cam.mp4,MediaPipe,46,65.8197,0,0.1230,0.1093,0.1677,0.1644,167.1535,170.6335,0.6420
yan_cam.mp4,MediaPipe,47,63.8608,0,0.0341,0.1087,0.1764,0.1587,166.1106,172.3662,0.6354
yan_cam.mp4,MediaPipe,48,52.6478,0,0.0135,0.0265,0.1769,0.1640,165.8118,173.1503,0.6201
yan_cam.mp4,MediaPipe,49,51.7544,0,0.0083,0.0084,0.1755,0.1666,165.2346,174.9168,0.5986
yan_cam.mp4,MediaPipe,50,52.1373,0,0.0101,0.0109,0.1777,0.1699,164.6963,176.7465,0.5730
yan_cam.mp4,MediaPipe,51,52.5290,0,0.0187,0.0215,0.1795,0.1697,166.0174,175.7520,0.5581
yan_cam.mp4,MediaPipe,52,51.9520,0,0.0221,0.0171,0.1761,0.1687,166.7886,175.6310,0.5606
yan_cam.mp4,MediaPipe,53,51.8725,0,0.0201,0.0182,0.1705,0.1712,167.9276,177.1244,0.5612
yan_cam.mp4,MediaPipe,54,52.3448,0,0.0337,0.0243,0.1780,0.1753,169.0493,175.8402,0.5729
yan_cam.mp4,MediaPipe,55,52.0060,0,0.0496,0.0186,0.1798,0.1703,166.5777,175.0455,0.5756
yan_cam.mp4,MediaPipe,56,51.8899,0,0.0570,0.0222,0.1757,0.1604,154.4512,178.8202,0.5816
yan_cam.mp4,MediaPipe,57,52.7103,0,0.0432,0.0165,0.1703,0.1580,144.5289,176.7799,0.5895
yan_cam.mp4,MediaPipe,58,51.8683,0,0.0375,0.0182,0.1685,0.1547,139.5250,175.3903,0.6054
yan_cam.mp4,MediaPipe,59,51.8014,0,0.0186,0.0215,0.1638,0.1550,134.2815,171.7984,0.6218
yan_cam.mp4,MediaPipe,60,51.5286,0,0.0076,0.0149,0.1636,0.1574,133.3750,171.8841,0.6385
yan_cam.mp4,MediaPipe,61,51.7617,0,0.0680,0.0708,0.1623,0.1631,138.7561,170.6031,0.6570
yan_cam.mp4,MediaPipe,62,52.1421,0,0.0273,0.0525,0.1644,0.1643,137.0418,173.0726,0.6862
yan_cam.mp4,MediaPipe,63,52.0665,0,0.0170,0.0181,0.1698,0.1635,145.6020,174.8810,0.7141
yan_cam.mp4,MediaPipe,64,51.6756,0,0.0179,0.0095,0.1774,0.1573,155.8855,176.6677,0.7405
yan_cam.mp4,MediaPipe,65,51.7434,0,0.0158,0.0094,0.1810,0.1527,164.1678,177.2507,0.7637
yan_cam.mp4,MediaPipe,66,52.3637,0,0.0105,0.0067,0.1822,0.1486,167.9045,177.5117,0.7840
yan_cam.mp4,MediaPipe,67,51.7621,0,0.0075,0.0059,0.1828,0.1452,171.1464,176.9676,0.8026
yan_cam.mp4,MediaPipe,68,52.2332,0,0.0068,0.0047,0.1821,0.1457,173.8827,175.8617,0.8196
yan_cam.mp4,MediaPipe,69,51.8480,0,0.0061,0.0037,0.1809,0.1470,171.0082,174.0233,0.8344
yan_cam.mp4,MediaPipe,70,51.6204,0,0.0075,0.0044,0.1848,0.1456,170.3207,172.7689,0.8478
yan_cam.mp4,MediaPipe,71,52.2528,0,0.0103,0.0038,0.1827,0.1424,170.3428,171.9817,0.8595
yan_cam.mp4,MediaPipe,72,51.7355,0,0.0121,0.0042,0.1829,0.1354,171.8999,170.9070,0.8698
yan_cam.mp4,MediaPipe,73,52.5253,0,0.0148,0.0067,0.1809,0.1296,175.9714,170.2244,0.8797
yan_cam.mp4,MediaPipe,74,52.6739,0,0.0147,0.0051,0.1819,0.1207,165.5682,172.3026,0.8875
yan_cam.mp4,MediaPipe,75,51.6955,0,0.0137,0.0041,0.1784,0.1242,150.1330,176.6731,0.8886
yan_cam.mp4,MediaPipe,76,51.6279,0,0.0542,0.0512,0.1811,0.1292,135.9012,172.9701,0.8925
yan_cam.mp4,MediaPipe,77,51.6557,0,0.0142,0.0417,0.1788,0.1315,134.2162,172.0237,0.8905
yan_cam.mp4,MediaPipe,78,51.3131,33,0.2457,0.2324,0.1713,0.1303,167.4115,174.5598,
yan_cam.mp4,MediaPipe,79,61.1223,0,0.2457,0.0000,0.1671,0.1594,164.2039,163.4847,0.8736
yan_cam.mp4,MediaPipe,80,51.8946,0,0.0038,0.2471,0.1690,0.1596,165.0960,163.9860,0.8590
yan_cam.mp4,MediaPipe,81,52.0403,0,0.0013,0.0027,0.1697,0.1594,165.8734,164.4860,0.8458
yan_cam.mp4,MediaPipe,82,51.6549,0,0.0017,0.0016,0.1704,0.1591,167.7201,164.7443,0.8348
yan_cam.mp4,MediaPipe,83,51.7601,0,0.0042,0.0033,0.1715,0.1605,168.6548,164.0864,0.8258
yan_cam.mp4,MediaPipe,84,51.9493,0,0.0055,0.0061,0.1727,0.1614,168.6776,162.7285,0.8161
yan_cam.mp4,MediaPipe,85,52.2799,0,0.0057,0.0018,0.1751,0.1625,167.1167,160.1325,0.8075
yan_cam.mp4,MediaPipe,86,51.7182,0,0.0064,0.0040,0.1760,0.1639,162.6260,155.9752,0.8031
yan_cam.mp4,MediaPipe,87,52.0871,0,0.0072,0.0036,0.1769,0.1667,157.7253,150.6701,0.7999
yan_cam.mp4,MediaPipe,88,51.6832,0,0.0091,0.0038,0.1750,0.1702,152.4081,144.2943,0.7985
yan_cam.mp4,MediaPipe,89,52.2297,0,0.0127,0.0047,0.1673,0.1696,147.7982,137.9625,0.7944
yan_cam.mp4,MediaPipe,90,52.6595,0,0.0146,0.0028,0.1625,0.1693,141.2706,130.3516,0.7912
yan_cam.mp4,MediaPipe,91,53.7337,0,0.0174,0.0048,0.1555,0.1664,136.1670,123.5342,0.7879
yan_cam.mp4,MediaPipe,92,51.9825,0,0.0472,0.0388,0.1621,0.1708,128.3017,115.8327,0.7905
yan_cam.mp4,MediaPipe,93,53.0466,0,0.0226,0.0283,0.1659,0.1677,120.9233,107.0172,0.7920
yan_cam.mp4,MediaPipe,94,52.2823,0,0.0191,0.0119,0.1686,0.1681,117.1738,105.0148,0.7911
yan_cam.mp4,MediaPipe,95,51.8238,0,0.0208,0.0127,0.1710,0.1699,110.0838,105.3132,0.7917
yan_cam.mp4,MediaPipe,96,52.5130,0,0.0244,0.0160,0.1708,0.1648,114.4772,112.4160,0.7929
yan_cam.mp4,MediaPipe,97,51.9566,0,0.0315,0.0164,0.1725,0.1685,115.4060,119.2620,0.7968
yan_cam.mp4,MediaPipe,98,51.7549,0,0.0425,0.0177,0.1679,0.1726,117.4317,130.0421,0.7990
yan_cam.mp4,MediaPipe,99,51.9778,0,0.0437,0.0154,0.1732,0.1641,122.1272,142.0969,0.7879
yan_cam.mp4,MediaPipe,100,51.5930,0,0.0435,0.0137,0.1788,0.1658,118.8338,151.4092,0.7826
yan_cam.mp4,MediaPipe,101,52.0959,0,0.0325,0.0291,0.1797,0.1679,123.2084,164.4681,0.7791
yan_cam.mp4,MediaPipe,102,51.9769,0,0.0297,0.0219,0.1768,0.1672,117.2725,168.5622,0.7773
yan_cam.mp4,MediaPipe,103,51.6712,0,0.0367,0.0192,0.1761,0.1738,105.6765,167.2632,0.7675
yan_cam.mp4,MediaPipe,104,51.5889,0,0.0349,0.0173,0.1746,0.1802,100.4988,163.2592,0.7570
yan_cam.mp4,MediaPipe,105,51.7517,0,0.0464,0.0212,0.1752,0.1749,96.5385,153.4519,0.7715
yan_cam.mp4,MediaPipe,106,54.8873,0,0.0456,0.0171,0.1761,0.1556,100.3837,144.8869,0.7881
yan_cam.mp4,MediaPipe,107,55.4268,0,0.0515,0.0220,0.1749,0.1684,115.6294,139.6348,0.7957
yan_cam.mp4,MediaPipe,108,54.5674,0,0.0506,0.0283,0.1769,0.1757,134.2102,134.6652,0.7971
yan_cam.mp4,MediaPipe,109,55.0410,0,0.0480,0.0159,0.1764,0.1830,157.0343,133.2296,0.7958
yan_cam.mp4,MediaPipe,110,54.6594,0,0.0453,0.0203,0.1913,0.1807,163.6968,135.7841,0.8001
yan_cam.mp4,MediaPipe,111,53.8733,0,0.0380,0.0147,0.1867,0.1816,156.7147,136.0134,0.8036
yan_cam.mp4,MediaPipe,112,53.2683,0,0.0393,0.0151,0.1762,0.1761,146.0418,134.2144,0.8092
yan_cam.mp4,MediaPipe,113,53.3137,0,0.0418,0.0165,0.1685,0.1661,131.9742,136.7141,0.8133
yan_cam.mp4,MediaPipe,114,53.3256,0,0.0379,0.0287,0.1629,0.1629,113.7391,126.3837,0.8055
yan_cam.mp4,MediaPipe,115,53.9547,0,0.0298,0.0198,0.1646,0.1662,106.7180,125.3050,0.7961
yan_cam.mp4,MediaPipe,116,54.7318,0,0.0253,0.0243,0.1600,0.1638,112.5897,132.5743,0.7891
yan_cam.mp4,MediaPipe,117,52.6099,0,0.0314,0.0180,0.1575,0.1763,111.5217,138.3478,0.7893
yan_cam.mp4,MediaPipe,118,52.9858,0,0.0443,0.0322,0.1584,0.1666,124.6096,147.0568,0.7962
yan_cam.mp4,MediaPipe,119,51.9056,0,0.0389,0.0157,0.1571,0.1670,133.8730,157.6150,0.8010
yan_cam.mp4,MediaPipe,120,54.1334,0,0.0499,0.0260,0.1668,0.1577,151.1687,173.3118,0.7893
yan_cam.mp4,MediaPipe,121,52.4204,0,0.0584,0.0503,0.1737,0.1678,169.6367,175.6560,0.7881
yan_cam.mp4,MediaPipe,122,52.1834,0,0.0563,0.0688,0.1651,0.1664,175.7057,177.4168,0.7834
yan_cam.mp4,MediaPipe,123,52.2027,0,0.0764,0.0954,0.1705,0.1613,176.0304,173.0076,0.7581
yan_cam.mp4,MediaPipe,124,52.0306,0,0.0244,0.0590,0.1743,0.1614,172.4733,171.3702,0.7333
yan_cam.mp4,MediaPipe,125,51.9308,0,0.0175,0.0105,0.1737,0.1590,172.9546,167.0018,0.7051
yan_cam.mp4,MediaPipe,126,51.6015,0,0.0125,0.0122,0.1750,0.1604,170.8235,167.7014,0.6762
yan_cam.mp4,MediaPipe,127,51.7096,0,0.0071,0.0077,0.1742,0.1611,167.8865,169.5454,0.6547
yan_cam.mp4,MediaPipe,128,51.9658,0,0.0091,0.0092,0.1706,0.1618,166.5613,170.3796,0.6331
yan_cam.mp4,MediaPipe,129,52.3334,0,0.0152,0.0109,0.1700,0.1607,168.3999,169.2910,0.6161
yan_cam.mp4,MediaPipe,130,51.7470,0,0.0171,0.0096,0.1682,0.1568,167.5381,169.6181,0.6034
yan_cam.mp4,MediaPipe,131,51.9860,0,0.0345,0.0202,0.1679,0.1595,168.2974,170.6480,0.5944
yan_cam.mp4,MediaPipe,132,51.6398,0,0.0483,0.0211,0.1670,0.1632,164.9872,173.5503,0.5940
yan_cam.mp4,MediaPipe,133,51.7169,0,0.0518,0.0122,0.1684,0.1500,149.6200,178.3948,0.5993
yan_cam.mp4,MediaPipe,134,51.8986,0,0.0495,0.0099,0.1629,0.1514,137.6544,175.1594,0.6009
yan_cam.mp4,MediaPipe,135,51.9898,0,0.0033,0.0472,0.1643,0.1495,135.9545,173.9410,0.6063
yan_cam.mp4,MediaPipe,136,51.7582,0,0.0300,0.0278,0.1658,0.1451,132.8141,172.2186,0.6136
yan_cam.mp4,MediaPipe,137,51.6498,0,0.0191,0.0140,0.1597,0.1491,131.2506,171.0826,0.6251
yan_cam.mp4,MediaPipe,138,51.9339,0,0.0460,0.0566,0.1612,0.1517,130.4088,171.2932,0.6413
yan_cam.mp4,MediaPipe,139,52.0298,0,0.0172,0.0341,0.1618,0.1496,137.3632,175.0723,0.6584
yan_cam.mp4,MediaPipe,140,55.0955,0,0.0156,0.0076,0.1720,0.1455,143.3708,174.9556,0.6783
yan_cam.mp4,MediaPipe,141,53.4209,0,0.0163,0.0066,0.1710,0.1408,149.6701,173.8060,0.7015
yan_cam.mp4,MediaPipe,142,53.5525,0,0.0158,0.0085,0.1680,0.1386,151.9270,173.1804,0.7257
yan_cam.mp4,MediaPipe,143,54.3836,0,0.0146,0.0100,0.1698,0.1397,159.7887,174.6721,0.7488
yan_cam.mp4,MediaPipe,144,53.4911,0,0.0121,0.0075,0.1698,0.1442,165.6967,175.7902,0.7709
yan_cam.mp4,MediaPipe,145,54.2391,0,0.0079,0.0067,0.1692,0.1427,167.6924,176.1070,0.7905
yan_cam.mp4,MediaPipe,146,53.4191,0,0.0074,0.0049,0.1747,0.1374,169.5066,176.2584,0.8088
yan_cam.mp4,MediaPipe,147,51.9355,0,0.0086,0.0051,0.1776,0.1297,170.6116,174.5243,0.8259
yan_cam.mp4,MediaPipe,148,51.7197,0,0.0120,0.0069,0.1778,0.1230,168.2172,172.4151,0.8414
yan_cam.mp4,MediaPipe,149,52.7393,0,0.0142,0.0043,0.1781,0.1156,164.6278,170.8512,0.8553
yan_cam.mp4,MediaPipe,150,51.6046,0,0.0145,0.0041,0.1777,0.1035,166.3047,171.0195,0.8674
yan_cam.mp4,MediaPipe,151,52.1235,0,0.0142,0.0051,0.1705,0.1004,175.2664,172.8650,0.8775
yan_cam.mp4,MediaPipe,152,51.7291,0,0.0101,0.0078,0.1754,0.0975,161.2028,176.5344,0.8861
yan_cam.mp4,MediaPipe,153,51.5650,0,0.0367,0.0306,0.1749,0.1099,149.4427,178.9768,0.8954
yan_cam.mp4,MediaPipe,154,51.6332,0,0.0133,0.0251,0.1758,0.1128,143.8291,175.4703,0.9044
yan_cam.mp4,MediaPipe,155,51.6045,0,0.0143,0.0095,0.1711,0.1356,149.7447,175.6304,0.9063
yan_cam.mp4,MediaPipe,156,51.5188,33,0.2653,0.2557,0.1770,0.1450,169.6403,176.7968,
yan_cam.mp4,MediaPipe,157,61.3797,0,0.2653,0.0000,0.1847,0.1653,173.6762,169.4620,0.8848
yan_cam.mp4,MediaPipe,158,51.8271,0,0.0013,0.2654,0.1827,0.1649,172.6316,168.2543,0.8656
yan_cam.mp4,MediaPipe,159,51.8058,0,0.0014,0.0012,0.1808,0.1656,170.7053,166.4687,0.8490
yan_cam.mp4,MediaPipe,160,51.7270,0,0.0029,0.0020,0.1797,0.1676,168.6661,164.3106,0.8354
yan_cam.mp4,MediaPipe,161,51.7452,0,0.0042,0.0024,0.1795,0.1700,165.9994,161.8703,0.8226
yan_cam.mp4,MediaPipe,162,52.2334,0,0.0053,0.0016,0.1799,0.1724,162.1524,158.5928,0.8140
yan_cam.mp4,MediaPipe,163,53.7722,0,0.0060,0.0023,0.1799,0.1733,160.2001,155.2493,0.8060
yan_cam.mp4,MediaPipe,164,51.6630,0,0.0077,0.0030,0.1776,0.1741,155.6139,150.4382,0.7979
yan_cam.mp4,MediaPipe,165,52.5402,0,0.0116,0.0052,0.1709,0.1750,151.6865,145.9943,0.7898
yan_cam.mp4,MediaPipe,166,51.6361,0,0.0151,0.0049,0.1617,0.1742,145.0075,139.4199,0.7815
yan_cam.mp4,MediaPipe,167,51.9740,0,0.0161,0.0034,0.1616,0.1680,137.5377,132.6988,0.7733
yan_cam.mp4,MediaPipe,168,51.9051,0,0.0717,0.0621,0.1673,0.1722,125.1565,120.9469,0.7751
yan_cam.mp4,MediaPipe,169,51.8177,0,0.0242,0.0509,0.1693,0.1684,118.6988,114.7526,0.7759
yan_cam.mp4,MediaPipe,170,51.7390,0,0.0179,0.0154,0.1646,0.1733,111.7032,111.3876,0.7799
yan_cam.mp4,MediaPipe,171,51.6870,0,0.0209,0.0142,0.1585,0.1669,118.1082,118.4064,0.7844
yan_cam.mp4,MediaPipe,172,51.8300,0,0.0315,0.0195,0.1673,0.1671,113.3598,122.1751,0.7909
yan_cam.mp4,MediaPipe,173,52.8699,0,0.0357,0.0191,0.1664,0.1688,119.1944,134.1645,0.7974
yan_cam.mp4,MediaPipe,174,52.9598,0,0.0466,0.0220,0.1642,0.1740,125.6852,148.7147,0.7956
yan_cam.mp4,MediaPipe,175,51.7205,0,0.0461,0.0135,0.1732,0.1692,130.1146,161.8169,0.7825
yan_cam.mp4,MediaPipe,176,51.6292,0,0.0445,0.0140,0.1746,0.1736,134.9844,174.4605,0.7576
yan_cam.mp4,MediaPipe,177,51.5923,0,0.0336,0.0200,0.1791,0.1606,135.1474,175.9244,0.7278
yan_cam.mp4,MediaPipe,178,51.8793,0,0.0228,0.0276,0.1745,0.1643,135.0335,173.6946,0.6977
yan_cam.mp4,MediaPipe,179,51.9509,0,0.0262,0.0166,0.1759,0.1645,129.7468,175.4373,0.6820
yan_cam.mp4,MediaPipe,180,51.6700,0,0.0461,0.0277,0.1800,0.1723,126.6930,176.2123,0.6689
yan_cam.mp4,MediaPipe,181,51.7538,0,0.0422,0.0210,0.1784,0.1653,127.5067,167.9534,0.6636
yan_cam.mp4,MediaPipe,182,51.6005,0,0.0549,0.0245,0.1763,0.1680,144.1651,164.2513,0.6657
yan_cam.mp4,MediaPipe,183,51.7232,0,0.0579,0.0116,0.1850,0.1808,156.6220,161.6927,0.6763
yan_cam.mp4,MediaPipe,184,52.2518,0,0.0511,0.0311,0.1881,0.1826,164.7886,155.4615,0.6900
yan_cam.mp4,MediaPipe,185,51.6437,0,0.0437,0.0201,0.1876,0.1780,170.9186,152.8132,0.6950
yan_cam.mp4,MediaPipe,186,51.7984,0,0.0468,0.0198,0.1936,0.1815,170.6415,152.7199,0.6980
yan_cam.mp4,MediaPipe,187,52.1378,0,0.0413,0.0138,0.1859,0.1773,159.0387,148.7991,0.7050
yan_cam.mp4,MediaPipe,188,52.4138,0,0.0485,0.0128,0.1783,0.1745,145.5735,149.1401,0.7115
yan_cam.mp4,MediaPipe,189,53.0622,0,0.0046,0.0463,0.1752,0.1804,142.5406,147.5734,0.7187
yan_cam.mp4,MediaPipe,190,52.7605,0,0.0405,0.0397,0.1652,0.1658,130.8788,147.4103,0.7185
yan_cam.mp4,MediaPipe,191,51.7989,0,0.0378,0.0249,0.1585,0.1685,119.2776,145.0207,0.7206
yan_cam.mp4,MediaPipe,192,52.0868,0,0.0288,0.0200,0.1564,0.1629,116.4145,143.0534,0.7167
yan_cam.mp4,MediaPipe,193,51.8074,0,0.0331,0.0273,0.1519,0.1729,114.9264,144.2905,0.7096
yan_cam.mp4,MediaPipe,194,52.2279,0,0.0347,0.0170,0.1556,0.1694,123.4826,152.9201,0.7073
yan_cam.mp4,MediaPipe,195,53.1142,0,0.0459,0.0245,0.1573,0.1667,135.1300,161.1927,0.7105
yan_cam.mp4,MediaPipe,196,51.8415,0,0.0418,0.0250,0.1631,0.1618,151.8185,175.3824,0.7208
yan_cam.mp4,MediaPipe,197,51.6207,0,0.0594,0.0558,0.1726,0.1678,169.9211,174.5983,0.7185
yan_cam.mp4,MediaPipe,198,51.6319,0,0.0298,0.0445,0.1700,0.1714,172.5885,170.2655,0.7157
yan_cam.mp4,MediaPipe,199,59.1489,0,0.0360,0.0374,0.1676,0.1699,163.2594,178.4047,0.7085
yan_cam.mp4,MediaPipe,200,84.7908,0,0.0493,0.0461,0.1617,0.1648,160.7006,176.6176,0.6999
yan_cam.mp4,MediaPipe,201,63.7228,0,0.0265,0.0395,0.1666,0.1635,159.7167,178.1343,0.6976
yan_cam.mp4,MediaPipe,202,59.6729,0,0.0258,0.0219,0.1699,0.1616,161.1715,178.0747,0.6955
yan_cam.mp4,MediaPipe,203,53.3321,0,0.0353,0.0231,0.1726,0.1644,161.9886,178.0680,0.6983
yan_cam.mp4,MediaPipe,204,53.2662,0,0.0252,0.0271,0.1724,0.1638,162.3725,176.2230,0.7022
yan_cam.mp4,MediaPipe,205,54.0630,0,0.0214,0.0185,0.1715,0.1637,164.7910,173.3739,0.7028
yan_cam.mp4,MediaPipe,206,53.7690,0,0.0241,0.0085,0.1691,0.1598,167.9808,171.9142,0.7068
yan_cam.mp4,MediaPipe,207,54.4789,0,0.0195,0.0137,0.1697,0.1656,169.9263,168.4193,0.7084
yan_cam.mp4,MediaPipe,208,53.3868,0,0.0337,0.0230,0.1757,0.1614,172.3274,169.2434,0.7121
yan_cam.mp4,MediaPipe,209,53.8748,0,0.0402,0.0151,0.1724,0.1643,168.1209,167.0348,0.7231
yan_cam.mp4,MediaPipe,210,52.5330,0,0.0340,0.0132,0.1651,0.1573,155.3674,161.7548,0.7338
yan_cam.mp4,MediaPipe,211,52.9801,0,0.0228,0.0124,0.1623,0.1527,142.1635,155.2662,0.7464
yan_cam.mp4,MediaPipe,212,51.6621,0,0.0120,0.0155,0.1507,0.1557,133.4632,150.3666,0.7563
yan_cam.mp4,MediaPipe,213,68.4042,0,0.0078,0.0102,0.1496,0.1577,131.5790,152.5490,0.7623
yan_cam.mp4,MediaPipe,214,60.0948,0,0.0410,0.0465,0.1633,0.1656,128.5305,153.8133,0.7659
yan_cam.mp4,MediaPipe,215,51.7014,0,0.0173,0.0304,0.1605,0.1628,138.0439,159.5682,0.7590
yan_cam.mp4,MediaPipe,216,52.2143,0,0.0167,0.0125,0.1643,0.1591,145.8084,163.9014,0.7538
yan_cam.mp4,MediaPipe,217,52.3842,0,0.0163,0.0122,0.1671,0.1601,151.3032,166.0596,0.7518
yan_cam.mp4,MediaPipe,218,51.6253,0,0.0122,0.0064,0.1714,0.1636,153.0109,167.0093,0.7493
yan_cam.mp4,MediaPipe,219,51.7016,0,0.0085,0.0078,0.1709,0.1638,152.9428,167.9962,0.7464
yan_cam.mp4,MediaPipe,220,51.6701,0,0.0094,0.0085,0.1661,0.1646,150.5836,168.1284,0.7442
yan_cam.mp4,MediaPipe,221,51.6872,0,0.0094,0.0066,0.1649,0.1662,148.0567,167.9857,0.7505
yan_cam.mp4,MediaPipe,222,52.2533,0,0.0133,0.0085,0.1607,0.1618,142.9314,166.4779,0.7595
yan_cam.mp4,MediaPipe,223,52.2648,0,0.0124,0.0041,0.1554,0.1561,137.0155,165.4517,0.7656
yan_cam.mp4,MediaPipe,224,52.8063,0,0.0098,0.0040,0.1556,0.1531,134.3777,165.6657,0.7719
yan_cam.mp4,MediaPipe,225,51.9745,0,0.0075,0.0046,0.1545,0.1553,134.0103,165.9543,0.7769
yan_cam.mp4,MediaPipe,226,51.5946,0,0.0054,0.0064,0.1567,0.1588,132.7828,165.5826,0.7804
yan_cam.mp4,MediaPipe,227,52.2123,0,0.0057,0.0052,0.1583,0.1596,135.2872,166.9244,0.7846
yan_cam.mp4,MediaPipe,228,51.8400,0,0.0076,0.0044,0.1636,0.1602,141.0801,171.8853,0.7910
yan_cam.mp4,MediaPipe,229,51.8611,0,0.0511,0.0472,0.1741,0.1586,151.2643,174.8167,0.7947
yan_cam.mp4,MediaPipe,230,51.7808,0,0.0127,0.0407,0.1773,0.1577,154.7556,175.6439,0.8008
yan_cam.mp4,YOLO,0,424.4680,2,,,0.1740,0.1677,173.5678,177.4799,0.9666
yan_cam.mp4,YOLO,1,409.6372,2,0.0023,,0.1749,0.1670,173.6227,177.3648,0.9671
yan_cam.mp4,YOLO,2,410.9175,2,0.0038,0.0027,0.1743,0.1678,172.2768,178.3831,0.9821
yan_cam.mp4,YOLO,3,407.1575,2,0.0041,0.0047,0.1749,0.1690,171.7564,176.8683,0.9718
yan_cam.mp4,YOLO,4,411.2836,2,0.0037,0.0031,0.1755,0.1695,170.6402,174.7983,0.9706
yan_cam.mp4,YOLO,5,424.3716,2,0.0047,0.0020,0.1756,0.1692,168.6856,171.7551,0.9689
yan_cam.mp4,YOLO,6,458.6908,2,0.0059,0.0019,0.1757,0.1667,164.8914,166.7516,0.9680
yan_cam.mp4,YOLO,7,447.3949,2,0.0078,0.0026,0.1749,0.1677,158.5867,158.6977,0.9635
yan_cam.mp4,YOLO,8,416.5872,2,0.0101,0.0049,0.1732,0.1713,153.4803,151.0202,0.9693
yan_cam.mp4,YOLO,9,410.8541,2,0.0121,0.0051,0.1717,0.1725,146.0526,140.8414,0.9725
yan_cam.mp4,YOLO,10,411.2285,2,0.0147,0.0046,0.1689,0.1700,140.0699,132.4965,0.9795
yan_cam.mp4,YOLO,11,449.0713,2,0.0159,0.0042,0.1676,0.1643,134.9758,126.5511,0.9571
yan_cam.mp4,YOLO,12,419.4100,2,0.0183,0.0062,0.1691,0.1658,127.1371,117.0645,0.9672
yan_cam.mp4,YOLO,13,410.7897,2,0.0179,0.0094,0.1632,0.1658,124.1604,117.5641,0.9660
yan_cam.mp4,YOLO,14,411.3989,2,0.0140,0.0107,0.1609,0.1626,119.7081,115.0615,0.9612
yan_cam.mp4,YOLO,15,414.4602,2,0.0177,0.0217,0.1732,0.1655,115.3404,117.2610,0.9717
yan_cam.mp4,YOLO,16,417.3195,2,0.0199,0.0178,0.1712,0.1657,114.2494,122.8223,0.9668
yan_cam.mp4,YOLO,17,425.8394,2,0.0259,0.0091,0.1711,0.1566,118.1688,133.6017,0.9518
yan_cam.mp4,YOLO,18,463.9607,2,0.0330,0.0116,0.1777,0.1639,116.1088,138.5017,0.9617
yan_cam.mp4,YOLO,19,431.7527,2,0.0339,0.0116,0.1774,0.1654,118.6278,153.2102,0.9431
yan_cam.mp4,YOLO,20,411.0965,2,0.0353,0.0111,0.1763,0.1663,119.8492,162.1990,0.9192
yan_cam.mp4,YOLO,21,416.1242,2,0.0250,0.0163,0.1730,0.1539,128.1913,171.4351,0.9205
yan_cam.mp4,YOLO,22,409.7398,2,0.0217,0.0136,0.1809,0.1502,124.5939,170.4173,0.9372
yan_cam.mp4,YOLO,23,410.4426,2,0.0264,0.0181,0.1837,0.1692,121.5743,169.9205,0.9377
yan_cam.mp4,YOLO,24,409.1877,2,0.0288,0.0214,0.1797,0.1699,117.8841,163.8894,0.9469
yan_cam.mp4,YOLO,25,409.4769,2,0.0356,0.0174,0.1808,0.1675,114.4713,157.0142,0.9526
yan_cam.mp4,YOLO,26,408.6963,2,0.0349,0.0153,0.1826,0.1754,114.8687,148.2865,0.9831
yan_cam.mp4,YOLO,27,418.4407,2,0.0000,0.0349,0.1826,0.1754,114.8724,148.2795,0.9831
yan_cam.mp4,YOLO,28,413.3137,2,0.0329,0.0329,0.1884,0.1746,118.4722,142.0885,0.9705
yan_cam.mp4,YOLO,29,425.1507,2,0.0375,0.0103,0.1922,0.1824,133.4064,143.3747,0.9750
yan_cam.mp4,YOLO,30,455.4570,4,0.0392,0.0176,0.1889,0.1828,143.9565,138.8664,0.9633
yan_cam.mp4,YOLO,31,416.2072,4,0.0564,0.0665,0.1892,0.1789,160.1069,141.0678,0.9601
yan_cam.mp4,YOLO,32,416.6905,2,0.0416,0.0645,0.1893,0.1798,166.7660,143.0628,0.9788
yan_cam.mp4,YOLO,33,418.7305,2,0.0397,0.0154,0.1872,0.1884,162.1508,141.5382,0.9757
yan_cam.mp4,YOLO,34,413.1697,2,0.0410,0.0116,0.1836,0.1811,144.1410,139.6551,0.9741
yan_cam.mp4,YOLO,35,418.3509,2,0.0339,0.0150,0.1710,0.1680,132.2580,136.6863,0.9737
yan_cam.mp4,YOLO,36,459.5000,2,0.0291,0.0185,0.1809,0.1780,107.0090,117.4901,0.9373
yan_cam.mp4,YOLO,37,415.4101,4,0.0169,0.0315,0.1714,0.1689,108.2381,122.5951,0.8686
yan_cam.mp4,YOLO,38,417.0820,6,0.0174,0.0104,0.1697,0.1708,112.7888,127.2134,0.8513
yan_cam.mp4,YOLO,39,411.2312,7,0.0196,0.0086,0.1700,0.1677,117.0562,133.7104,0.8852
yan_cam.mp4,YOLO,40,411.8353,6,0.0228,0.0061,0.1755,0.1676,126.7573,140.8310,0.8361
yan_cam.mp4,YOLO,41,439.2731,6,0.0246,0.0056,0.1711,0.1672,135.5407,150.9651,0.8673
yan_cam.mp4,YOLO,42,454.8460,7,0.0294,0.0074,0.1741,0.1712,149.8366,159.4369,0.9156
yan_cam.mp4,YOLO,43,424.0474,6,0.0357,0.0081,0.1818,0.1668,172.4137,176.9846,0.8717
yan_cam.mp4,YOLO,44,409.1063,5,0.0311,0.0094,0.1801,0.1680,175.8136,179.7645,0.8710
yan_cam.mp4,YOLO,45,412.3676,4,0.0304,0.0099,0.1803,0.1736,163.4872,177.2550,0.8205
yan_cam.mp4,YOLO,46,414.9425,2,0.0981,0.0878,0.1802,0.1774,163.0675,175.8475,0.8893
yan_cam.mp4,YOLO,47,410.9174,4,0.0143,0.0948,0.1838,0.1809,166.0224,176.3473,0.9303
yan_cam.mp4,YOLO,48,412.9247,3,0.0121,0.0076,0.1849,0.1798,165.6988,176.6111,0.9062
yan_cam.mp4,YOLO,49,414.9689,3,0.0125,0.0084,0.1840,0.1831,169.1684,176.6403,0.9275
yan_cam.mp4,YOLO,50,412.7701,4,0.0108,0.0142,0.1842,0.1847,170.4888,177.0186,0.9532
yan_cam.mp4,YOLO,51,431.7645,2,0.0124,0.0069,0.1864,0.1830,171.5827,176.4404,0.9029
yan_cam.mp4,YOLO,52,457.4597,4,0.0166,0.0123,0.1842,0.1746,169.1714,177.7616,0.9464
yan_cam.mp4,YOLO,53,446.7199,4,0.0216,0.0089,0.1829,0.1740,167.9520,177.4041,0.8873
yan_cam.mp4,YOLO,54,449.7232,4,0.0320,0.0146,0.1843,0.1767,168.5714,174.2893,0.9218
yan_cam.mp4,YOLO,55,419.8936,4,0.0387,0.0110,0.1889,0.1746,160.9011,179.5578,0.9445
yan_cam.mp4,YOLO,56,409.0243,4,0.0339,0.0110,0.1818,0.1704,152.6935,178.1676,0.9152
yan_cam.mp4,YOLO,57,410.4392,2,0.0343,0.0090,0.1765,0.1734,140.4472,173.2158,0.9311
yan_cam.mp4,YOLO,58,415.0103,2,0.0239,0.0168,0.1708,0.1624,146.2484,176.2723,0.9363
yan_cam.mp4,YOLO,59,425.4722,2,0.0118,0.0180,0.1726,0.1607,136.8274,172.3381,0.9416
yan_cam.mp4,YOLO,60,431.4624,1,0.0077,0.0124,0.1717,0.1656,135.4977,170.9302,0.9285
yan_cam.mp4,YOLO,61,426.0213,1,0.0746,0.0753,0.1774,0.1633,139.0715,171.4386,0.9707
yan_cam.mp4,YOLO,62,412.3936,1,0.0161,0.0696,0.1725,0.1542,149.1781,174.6473,0.9774
yan_cam.mp4,YOLO,63,410.2911,1,0.0140,0.0084,0.1787,0.1565,154.4698,175.3602,0.9792
yan_cam.mp4,YOLO,64,416.1390,0,0.0114,0.0052,0.1818,0.1578,161.5497,176.1389,0.9615
yan_cam.mp4,YOLO,65,468.3074,0,0.0110,0.0040,0.1821,0.1597,168.4289,177.6306,0.9735
yan_cam.mp4,YOLO,66,429.5570,0,0.0077,0.0054,0.1835,0.1614,172.6442,177.0342,0.9725
yan_cam.mp4,YOLO,67,414.4363,0,0.0058,0.0038,0.1815,0.1590,175.1907,175.8765,0.9591
yan_cam.mp4,YOLO,68,411.9963,1,0.0077,0.0058,0.1773,0.1592,175.9271,174.9149,0.9820
yan_cam.mp4,YOLO,69,412.3624,1,0.0082,0.0039,0.1765,0.1594,175.1111,173.2272,0.9802
yan_cam.mp4,YOLO,70,419.4460,1,0.0106,0.0036,0.1776,0.1538,175.3748,171.9293,0.9762
yan_cam.mp4,YOLO,71,408.7505,1,0.0114,0.0023,0.1755,0.1526,174.9942,172.0268,0.9759
yan_cam.mp4,YOLO,72,412.5924,1,0.0132,0.0031,0.1769,0.1443,176.1732,171.1048,0.9711
yan_cam.mp4,YOLO,73,411.6815,1,0.0168,0.0048,0.1766,0.1408,174.7043,169.0665,0.9707
yan_cam.mp4,YOLO,74,418.6513,1,0.0160,0.0062,0.1730,0.1265,163.5731,172.6537,0.9728
yan_cam.mp4,YOLO,75,409.6572,1,0.0127,0.0075,0.1767,0.1243,154.3527,173.6698,0.9633
yan_cam.mp4,YOLO,76,420.1647,1,0.0640,0.0560,0.1762,0.1335,145.9254,179.2168,0.9514
yan_cam.mp4,YOLO,77,459.5136,1,0.0138,0.0518,0.1738,0.1469,143.7028,177.5599,0.9529
yan_cam.mp4,YOLO,78,430.7727,4,0.3712,0.3615,0.1749,0.1659,163.0015,167.1133,0.9613
yan_cam.mp4,YOLO,79,416.2437,4,0.0140,0.3608,0.1719,0.1653,167.1007,169.0885,0.9506
yan_cam.mp4,YOLO,80,421.4069,4,0.0138,0.0071,0.1761,0.1635,166.7641,169.4323,0.9387
yan_cam.mp4,YOLO,81,420.0097,4,0.0098,0.0040,0.1760,0.1634,166.7443,169.4446,0.9393
yan_cam.mp4,YOLO,82,411.4305,4,0.0142,0.0045,0.1742,0.1663,169.9251,168.5001,0.9400
yan_cam.mp4,YOLO,83,413.3172,4,0.0118,0.0039,0.1747,0.1681,170.2939,168.1151,0.9350
yan_cam.mp4,YOLO,84,419.3603,2,0.0134,0.0028,0.1743,0.1712,166.5800,165.0746,0.9190
yan_cam.mp4,YOLO,85,449.8835,2,0.0059,0.0155,0.1766,0.1627,163.9033,161.4245,0.9366
yan_cam.mp4,YOLO,86,436.1111,2,0.0051,0.0065,0.1752,0.1693,162.3355,159.0461,0.9619
yan_cam.mp4,YOLO,87,411.3938,2,0.0076,0.0061,0.1732,0.1682,154.8628,150.2938,0.9620
yan_cam.mp4,YOLO,88,439.2386,2,0.0084,0.0035,0.1732,0.1693,148.0995,140.8937,0.9627
yan_cam.mp4,YOLO,89,451.1553,2,0.0097,0.0034,0.1739,0.1708,143.3710,133.7043,0.9620
yan_cam.mp4,YOLO,90,419.0250,2,0.0118,0.0045,0.1731,0.1658,140.1108,127.0756,0.9489
yan_cam.mp4,YOLO,91,413.9666,2,0.0136,0.0048,0.1717,0.1659,136.5034,121.2362,0.9531
yan_cam.mp4,YOLO,92,411.7320,2,0.0470,0.0383,0.1778,0.1722,131.3406,111.7062,0.9562
yan_cam.mp4,YOLO,93,411.4950,2,0.0159,0.0357,0.1712,0.1715,126.2210,109.1011,0.9464
yan_cam.mp4,YOLO,94,416.9380,2,0.0145,0.0090,0.1638,0.1652,126.2306,112.3207,0.9574
yan_cam.mp4,YOLO,95,418.7029,2,0.0151,0.0101,0.1657,0.1627,122.5764,112.1353,0.9549
yan_cam.mp4,YOLO,96,411.1858,2,0.0191,0.0108,0.1705,0.1638,121.7547,117.2800,0.9521
yan_cam.mp4,YOLO,97,410.2587,2,0.0259,0.0123,0.1802,0.1666,121.6281,125.0561,0.9594
yan_cam.mp4,YOLO,98,421.1481,2,0.0314,0.0129,0.1731,0.1626,128.1010,136.9111,0.9588
yan_cam.mp4,YOLO,99,434.8872,4,0.0330,0.0098,0.1784,0.1613,126.4554,149.2539,0.9491
yan_cam.mp4,YOLO,100,465.3965,2,0.0371,0.0145,0.1774,0.1659,130.6377,160.8773,0.9315
yan_cam.mp4,YOLO,101,439.4550,2,0.0265,0.0171,0.1728,0.1658,130.7424,169.1013,0.9524
yan_cam.mp4,YOLO,102,447.7109,2,0.0277,0.0165,0.1744,0.1420,120.1630,172.8172,0.9630
yan_cam.mp4,YOLO,103,437.6008,2,0.0254,0.0193,0.1735,0.1588,117.9721,167.9529,0.9809
yan_cam.mp4,YOLO,104,432.7488,2,0.0279,0.0134,0.1769,0.1643,105.9487,162.1324,0.9812
yan_cam.mp4,YOLO,105,433.3919,2,0.0323,0.0167,0.1775,0.1730,104.9076,152.9871,0.9732
yan_cam.mp4,YOLO,106,446.1223,2,0.0340,0.0173,0.1867,0.1611,106.7373,146.6363,0.9560
yan_cam.mp4,YOLO,107,449.5415,2,0.0391,0.0203,0.1817,0.1766,116.4740,138.2057,0.9649
yan_cam.mp4,YOLO,108,411.2357,4,0.0346,0.0158,0.1830,0.1795,135.8298,132.9353,0.9667
yan_cam.mp4,YOLO,109,423.5442,4,0.0354,0.0086,0.1901,0.1802,159.3191,135.1276,0.9640
yan_cam.mp4,YOLO,110,450.5987,2,0.0351,0.0106,0.1879,0.1828,170.1131,138.9727,0.9552
yan_cam.mp4,YOLO,111,437.6695,2,0.0354,0.0132,0.1796,0.1882,163.3646,139.7135,0.9643
yan_cam.mp4,YOLO,112,453.3535,2,0.0415,0.0110,0.1826,0.1792,151.4392,137.6541,0.9715
yan_cam.mp4,YOLO,113,452.7610,2,0.0365,0.0132,0.1688,0.1674,138.5084,138.3904,0.9713
yan_cam.mp4,YOLO,114,421.4995,4,0.0266,0.0219,0.1706,0.1703,123.3062,129.8496,0.9370
yan_cam.mp4,YOLO,115,410.5670,4,0.0194,0.0107,0.1700,0.1718,115.8146,126.2180,0.9328
yan_cam.mp4,YOLO,116,417.1957,2,0.0176,0.0116,0.1745,0.1706,114.2753,130.5813,0.9111
yan_cam.mp4,YOLO,117,414.7714,2,0.0227,0.0166,0.1706,0.1729,121.8331,137.8506,0.9574
yan_cam.mp4,YOLO,118,425.5183,2,0.0262,0.0144,0.1690,0.1762,129.3112,148.1714,0.9413
yan_cam.mp4,YOLO,119,414.8813,2,0.0295,0.0079,0.1712,0.1764,140.0502,160.2189,0.9503
yan_cam.mp4,YOLO,120,408.8749,2,0.0389,0.0148,0.1744,0.1792,158.4181,174.8233,0.9392
yan_cam.mp4,YOLO,121,418.5004,3,0.0310,0.0151,0.1830,0.1816,170.9342,177.5685,0.9370
yan_cam.mp4,YOLO,122,415.0800,3,0.0619,0.0489,0.1753,0.1753,170.6127,174.1521,0.8952
yan_cam.mp4,YOLO,123,440.8557,6,0.0249,0.0551,0.1749,0.1688,164.7640,174.2572,0.9504
yan_cam.mp4,YOLO,124,456.6598,3,0.0188,0.0127,0.1770,0.1719,164.4358,171.6528,0.8977
yan_cam.mp4,YOLO,125,419.4862,4,0.0186,0.0155,0.1808,0.1737,166.0684,172.1199,0.9094
yan_cam.mp4,YOLO,126,424.3117,4,0.0120,0.0098,0.1779,0.1706,166.5015,173.1614,0.9099
yan_cam.mp4,YOLO,127,429.8677,4,0.0084,0.0093,0.1800,0.1705,165.4669,173.3438,0.9000
yan_cam.mp4,YOLO,128,440.5343,4,0.0151,0.0116,0.1762,0.1704,164.2853,172.5936,0.9295
yan_cam.mp4,YOLO,129,414.6403,4,0.0144,0.0116,0.1736,0.1718,165.2541,171.8257,0.9218
yan_cam.mp4,YOLO,130,414.6210,4,0.0189,0.0081,0.1752,0.1621,162.0353,172.3682,0.9057
yan_cam.mp4,YOLO,131,416.6311,3,0.0335,0.0202,0.1750,0.1648,164.7974,173.8548,0.8799
yan_cam.mp4,YOLO,132,409.4874,2,0.0226,0.0290,0.1777,0.1718,160.0181,178.6190,0.9269
yan_cam.mp4,YOLO,133,413.1003,4,0.0326,0.0243,0.1747,0.1705,145.8982,175.2601,0.9500
yan_cam.mp4,YOLO,134,450.8598,4,0.0305,0.0075,0.1672,0.1620,140.3675,171.1122,0.9221
yan_cam.mp4,YOLO,135,502.8098,4,0.0061,0.0245,0.1671,0.1620,140.3691,171.1252,0.9222
yan_cam.mp4,YOLO,136,448.0437,4,0.0237,0.0178,0.1620,0.1552,132.8101,168.6315,0.9212
yan_cam.mp4,YOLO,137,432.2604,1,0.0164,0.0098,0.1587,0.1563,124.5630,165.8906,0.9199
yan_cam.mp4,YOLO,138,781.2011,1,0.0536,0.0619,0.1647,0.1592,132.9562,168.8226,0.9544
yan_cam.mp4,YOLO,139,485.9644,1,0.0139,0.0504,0.1716,0.1557,139.1070,174.7661,0.9543
yan_cam.mp4,YOLO,140,450.9757,1,0.0150,0.0065,0.1724,0.1559,146.6586,175.4986,0.9754
yan_cam.mp4,YOLO,141,414.4658,1,0.0140,0.0043,0.1718,0.1528,155.8543,175.5024,0.9840
yan_cam.mp4,YOLO,142,410.6605,1,0.0118,0.0049,0.1729,0.1496,160.4647,175.7288,0.9880
yan_cam.mp4,YOLO,143,413.3662,0,0.0091,0.0055,0.1724,0.1495,166.4410,176.5642,0.9729
yan_cam.mp4,YOLO,144,408.7283,0,0.0083,0.0062,0.1738,0.1527,170.7646,177.0962,0.9771
yan_cam.mp4,YOLO,145,421.2456,0,0.0076,0.0041,0.1753,0.1516,172.7832,176.4932,0.9741
yan_cam.mp4,YOLO,146,456.4972,0,0.0078,0.0039,0.1734,0.1486,173.6969,175.0000,0.9670
yan_cam.mp4,YOLO,147,429.7644,1,0.0121,0.0061,0.1713,0.1452,173.4274,173.3326,0.9881
yan_cam.mp4,YOLO,148,419.3935,1,0.0139,0.0037,0.1749,0.1390,170.4409,171.9784,0.9865
yan_cam.mp4,YOLO,149,449.7926,1,0.0155,0.0052,0.1745,0.1289,170.0330,172.5978,0.9833
yan_cam.mp4,YOLO,150,433.5580,1,0.0162,0.0038,0.1755,0.1163,174.2150,174.0456,0.9821
yan_cam.mp4,YOLO,151,412.5960,1,0.0128,0.0058,0.1699,0.1142,172.7290,175.5555,0.9804
yan_cam.mp4,YOLO,152,427.0150,1,0.0110,0.0046,0.1700,0.1150,164.3370,177.8484,0.9761
yan_cam.mp4,YOLO,153,414.0924,1,0.0457,0.0374,0.1748,0.1229,157.1666,177.9061,0.9755
yan_cam.mp4,YOLO,154,411.4662,1,0.0128,0.0355,0.1757,0.1339,153.5147,176.3221,0.9666
yan_cam.mp4,YOLO,155,421.9316,1,0.0146,0.0050,0.1776,0.1444,154.5894,176.0334,0.9622
yan_cam.mp4,YOLO,156,413.0559,4,0.4264,0.4176,0.1747,0.1664,169.7436,173.0505,0.8996
yan_cam.mp4,YOLO,157,434.4905,2,0.0396,0.3898,0.1744,0.1653,170.5293,172.2766,0.8741
yan_cam.mp4,YOLO,158,491.7055,2,0.0018,0.0398,0.1754,0.1664,169.8351,172.0234,0.8928
yan_cam.mp4,YOLO,159,460.0420,2,0.0027,0.0021,0.1769,0.1657,169.9811,171.9886,0.9122
yan_cam.mp4,YOLO,160,438.7213,2,0.0029,0.0025,0.1765,0.1643,167.7818,170.0982,0.9209
yan_cam.mp4,YOLO,161,407.4883,2,0.0041,0.0035,0.1762,0.1670,166.3386,167.3631,0.9173
yan_cam.mp4,YOLO,162,416.4868,2,0.0051,0.0039,0.1762,0.1657,163.4310,163.8588,0.9154
yan_cam.mp4,YOLO,163,414.8227,2,0.0063,0.0025,0.1767,0.1627,159.4411,157.9461,0.9103
yan_cam.mp4,YOLO,164,408.4347,2,0.0072,0.0034,0.1761,0.1668,156.1105,153.4314,0.9115
yan_cam.mp4,YOLO,165,414.3890,2,0.0096,0.0046,0.1750,0.1631,151.8436,147.5752,0.9048
yan_cam.mp4,YOLO,166,409.0887,2,0.0126,0.0041,0.1727,0.1679,143.5449,138.0635,0.9235
yan_cam.mp4,YOLO,167,450.3666,2,0.0139,0.0040,0.1721,0.1687,137.2892,130.6946,0.9175
yan_cam.mp4,YOLO,168,423.3352,2,0.0690,0.0602,0.1752,0.1640,132.9279,125.9284,0.9365
yan_cam.mp4,YOLO,169,456.7059,2,0.0159,0.0564,0.1718,0.1599,127.3748,123.2164,0.9311
yan_cam.mp4,YOLO,170,460.9223,2,0.0136,0.0099,0.1701,0.1690,120.9416,117.5101,0.9544
yan_cam.mp4,YOLO,171,452.0461,2,0.0164,0.0106,0.1731,0.1684,119.1806,120.3896,0.9419
yan_cam.mp4,YOLO,172,425.7965,2,0.0223,0.0126,0.1782,0.1746,117.4249,126.4398,0.9428
yan_cam.mp4,YOLO,173,410.8537,2,0.0284,0.0117,0.1751,0.1694,124.7355,138.7756,0.9534
yan_cam.mp4,YOLO,174,411.0361,2,0.0339,0.0094,0.1804,0.1635,130.6147,153.3136,0.9131
yan_cam.mp4,YOLO,175,414.3614,3,0.0390,0.0158,0.1803,0.1695,139.7544,169.7314,0.9273
yan_cam.mp4,YOLO,176,418.1362,3,0.0360,0.0184,0.1870,0.1731,143.9747,179.1984,0.9046
yan_cam.mp4,YOLO,177,419.4486,3,0.0239,0.0202,0.1827,0.1724,143.7458,170.7751,0.8916
yan_cam.mp4,YOLO,178,411.4444,2,0.0244,0.0138,0.1832,0.1640,137.5625,171.9439,0.9046
yan_cam.mp4,YOLO,179,411.2944,2,0.0288,0.0139,0.1896,0.1472,134.4635,173.9728,0.9263
yan_cam.mp4,YOLO,180,428.3543,2,0.0274,0.0164,0.1911,0.1667,131.9385,176.9822,0.9201
yan_cam.mp4,YOLO,181,475.4082,2,0.0301,0.0137,0.1880,0.1826,133.2609,167.9739,0.9426
yan_cam.mp4,YOLO,182,431.6017,2,0.0380,0.0165,0.1875,0.1867,145.9404,164.2369,0.9667
yan_cam.mp4,YOLO,183,436.9350,2,0.0487,0.0216,0.1872,0.1772,157.4847,160.9930,0.9398
yan_cam.mp4,YOLO,184,410.6579,2,0.0331,0.0180,0.1874,0.1827,165.9895,156.9227,0.9537
yan_cam.mp4,YOLO,185,412.4586,4,0.0329,0.0141,0.1894,0.1795,170.9818,153.6298,0.9565
yan_cam.mp4,YOLO,186,414.5102,4,0.0356,0.0077,0.1835,0.1817,173.4295,155.5144,0.9446
yan_cam.mp4,YOLO,187,442.7437,4,0.0368,0.0105,0.1788,0.1889,160.9816,150.1558,0.9535
yan_cam.mp4,YOLO,188,413.2039,2,0.0394,0.0077,0.1809,0.1844,150.8628,149.6001,0.9373
yan_cam.mp4,YOLO,189,411.8405,2,0.0007,0.0398,0.1810,0.1842,150.7819,149.5610,0.9371
yan_cam.mp4,YOLO,190,422.1678,2,0.0595,0.0590,0.1717,0.1703,140.7222,149.6413,0.9057
yan_cam.mp4,YOLO,191,416.0421,4,0.0300,0.0468,0.1586,0.1682,125.8488,144.3026,0.9296
yan_cam.mp4,YOLO,192,437.7406,4,0.0191,0.0170,0.1632,0.1733,121.1218,141.2094,0.9453
yan_cam.mp4,YOLO,193,463.8783,2,0.0217,0.0110,0.1697,0.1759,121.9506,144.6814,0.9355
yan_cam.mp4,YOLO,194,415.9207,4,0.0248,0.0202,0.1659,0.1758,130.1304,152.1564,0.9589
yan_cam.mp4,YOLO,195,417.7802,3,0.0302,0.0082,0.1701,0.1710,140.7599,163.2282,0.9303
yan_cam.mp4,YOLO,196,413.3952,2,0.0350,0.0084,0.1723,0.1798,154.1312,173.5172,0.9391
yan_cam.mp4,YOLO,197,412.9999,2,0.0386,0.0130,0.1791,0.1760,170.5310,176.7953,0.9373
yan_cam.mp4,YOLO,198,416.0564,4,0.0275,0.0174,0.1781,0.1775,169.3178,176.6057,0.9467
yan_cam.mp4,YOLO,199,412.3322,3,0.0413,0.0405,0.1700,0.1708,160.6265,178.9603,0.9229
yan_cam.mp4,YOLO,200,419.6543,2,0.0194,0.0458,0.1695,0.1730,156.5451,178.1181,0.9389
yan_cam.mp4,YOLO,201,409.6657,2,0.0202,0.0166,0.1695,0.1726,155.7614,178.3904,0.9482
yan_cam.mp4,YOLO,202,415.0636,2,0.0167,0.0102,0.1762,0.1706,156.3550,176.8772,0.9386
yan_cam.mp4,YOLO,203,410.6125,4,0.0167,0.0078,0.1733,0.1705,156.8606,172.0983,0.9646
yan_cam.mp4,YOLO,204,444.8067,2,0.0170,0.0072,0.1786,0.1742,160.8927,171.4683,0.9530
yan_cam.mp4,YOLO,205,449.6103,2,0.0171,0.0094,0.1801,0.1720,165.1867,170.6850,0.9374
yan_cam.mp4,YOLO,206,412.3870,4,0.0176,0.0075,0.1785,0.1773,167.0555,168.6331,0.9484
yan_cam.mp4,YOLO,207,431.8031,4,0.0214,0.0064,0.1786,0.1745,171.1226,169.5849,0.9352
yan_cam.mp4,YOLO,208,421.6834,3,0.0248,0.0065,0.1758,0.1684,172.6135,169.6515,0.9222
yan_cam.mp4,YOLO,209,431.6725,2,0.0262,0.0074,0.1730,0.1657,169.8160,167.2886,0.9580
yan_cam.mp4,YOLO,210,415.2769,2,0.0313,0.0087,0.1737,0.1675,152.8687,159.9512,0.9473
yan_cam.mp4,YOLO,211,419.0002,2,0.0215,0.0114,0.1662,0.1623,140.0598,153.1715,0.9606
yan_cam.mp4,YOLO,212,411.3775,2,0.0098,0.0149,0.1642,0.1636,131.3520,148.9774,0.9694
yan_cam.mp4,YOLO,213,414.3894,2,0.0046,0.0114,0.1638,0.1646,133.2381,150.7651,0.9662
yan_cam.mp4,YOLO,214,413.3637,2,0.0507,0.0522,0.1682,0.1674,139.8904,155.8206,0.9653
yan_cam.mp4,YOLO,215,410.5916,2,0.0133,0.0494,0.1702,0.1663,148.5959,163.3633,0.9556
yan_cam.mp4,YOLO,216,453.4670,4,0.0140,0.0042,0.1742,0.1668,151.8727,164.2946,0.9467
yan_cam.mp4,YOLO,217,438.3647,4,0.0133,0.0038,0.1732,0.1681,154.0938,166.4048,0.9456
yan_cam.mp4,YOLO,218,412.0646,4,0.0092,0.0060,0.1752,0.1690,157.5574,168.3854,0.9524
yan_cam.mp4,YOLO,219,419.5443,2,0.0075,0.0041,0.1742,0.1711,156.1065,168.9823,0.9116
yan_cam.mp4,YOLO,220,410.3480,2,0.0059,0.0089,0.1740,0.1706,151.6673,166.9454,0.9469
yan_cam.mp4,YOLO,221,413.8011,2,0.0105,0.0063,0.1741,0.1703,147.2540,167.3116,0.9811
yan_cam.mp4,YOLO,222,410.8698,2,0.0112,0.0047,0.1713,0.1694,142.1834,165.2822,0.9849
yan_cam.mp4,YOLO,223,412.4239,2,0.0104,0.0034,0.1678,0.1668,137.8391,164.3808,0.9773
yan_cam.mp4,YOLO,224,420.6598,2,0.0081,0.0042,0.1666,0.1616,136.6974,165.6995,0.9736
yan_cam.mp4,YOLO,225,418.7403,2,0.0048,0.0054,0.1652,0.1577,138.5807,167.3154,0.9706
yan_cam.mp4,YOLO,226,432.8059,2,0.0051,0.0052,0.1665,0.1570,141.3877,170.2271,0.9709
yan_cam.mp4,YOLO,227,417.3790,2,0.0069,0.0041,0.1664,0.1603,143.9271,173.7948,0.9743
yan_cam.mp4,YOLO,228,479.4744,2,0.0074,0.0035,0.1665,0.1637,150.5056,176.9040,0.9781
yan_cam.mp4,YOLO,229,451.4771,2,0.0497,0.0490,0.1687,0.1598,154.7860,176.6132,0.9874
yan_cam.mp4,YOLO,230,428.1748,2,0.0078,0.0510,0.1729,0.1524,158.0492,175.7022,0.9735
yan_cam.mp4,RTMPose,0,437.8332,0,,,0.1714,0.1644,174.8781,175.8747,4.8824
yan_cam.mp4,RTMPose,1,419.6983,0,0.0035,,0.1712,0.1650,173.9127,177.5115,4.8606
yan_cam.mp4,RTMPose,2,377.7821,0,0.0034,0.0022,0.1735,0.1636,173.8622,178.8003,4.7728
yan_cam.mp4,RTMPose,3,361.2556,0,0.0039,0.0028,0.1704,0.1666,173.7835,179.3320,4.8063
yan_cam.mp4,RTMPose,4,357.4352,0,0.0046,0.0022,0.1706,0.1671,172.1850,178.0016,4.7384
yan_cam.mp4,RTMPose,5,391.8412,0,0.0060,0.0024,0.1712,0.1684,169.6931,173.7446,4.8805
yan_cam.mp4,RTMPose,6,368.0648,0,0.0074,0.0033,0.1732,0.1689,165.3703,167.8722,4.8498
yan_cam.mp4,RTMPose,7,367.1864,0,0.0101,0.0040,0.1702,0.1725,157.1435,158.0507,4.9157
yan_cam.mp4,RTMPose,8,488.4338,0,0.0124,0.0051,0.1717,0.1700,150.5036,149.6776,4.8514
yan_cam.mp4,RTMPose,9,469.4988,0,0.0149,0.0059,0.1706,0.1701,141.9288,139.7302,4.8158
yan_cam.mp4,RTMPose,10,456.4107,0,0.0169,0.0035,0.1712,0.1677,134.6307,132.4855,4.5988
yan_cam.mp4,RTMPose,11,506.0512,0,0.0189,0.0042,0.1738,0.1675,126.5652,123.8427,4.4801
yan_cam.mp4,RTMPose,12,459.6755,0,0.0201,0.0041,0.1766,0.1658,119.0492,115.1893,4.4123
yan_cam.mp4,RTMPose,13,451.0701,0,0.0185,0.0052,0.1764,0.1641,114.5201,112.2568,4.4085
yan_cam.mp4,RTMPose,14,402.9637,0,0.0165,0.0103,0.1752,0.1646,110.6508,111.9254,4.4237
yan_cam.mp4,RTMPose,15,387.7969,0,0.0208,0.0277,0.1834,0.1693,106.9499,111.8536,4.4710
yan_cam.mp4,RTMPose,16,375.6666,0,0.0218,0.0193,0.1821,0.1681,106.3565,118.1718,4.3695
yan_cam.mp4,RTMPose,17,396.9866,0,0.0272,0.0092,0.1838,0.1709,106.4172,126.3916,4.4503
yan_cam.mp4,RTMPose,18,381.0104,0,0.0336,0.0096,0.1844,0.1660,107.1063,135.9941,4.0373
yan_cam.mp4,RTMPose,19,384.3558,0,0.0363,0.0090,0.1869,0.1666,107.4184,149.6111,4.1778
yan_cam.mp4,RTMPose,20,519.8662,0,0.0367,0.0136,0.1852,0.1633,113.6579,161.3143,4.1156
yan_cam.mp4,RTMPose,21,444.4513,0,0.0384,0.0166,0.1842,0.1681,123.1577,171.2280,4.1925
yan_cam.mp4,RTMPose,22,380.5699,0,0.0250,0.0255,0.1860,0.1704,120.8739,171.5861,4.2042
yan_cam.mp4,RTMPose,23,374.6379,0,0.0321,0.0148,0.1860,0.1687,113.7469,169.6243,4.4606
yan_cam.mp4,RTMPose,24,463.0187,0,0.0340,0.0192,0.1898,0.1675,108.8437,162.0584,4.7066
yan_cam.mp4,RTMPose,25,425.6404,0,0.0351,0.0130,0.1883,0.1647,104.9858,152.3657,4.6784
yan_cam.mp4,RTMPose,26,390.4805,0,0.0383,0.0110,0.1932,0.1657,108.1178,145.1926,4.4695
yan_cam.mp4,RTMPose,27,385.8051,0,0.0004,0.0383,0.1926,0.1653,108.0380,145.4110,4.4693
yan_cam.mp4,RTMPose,28,368.3603,0,0.0370,0.0370,0.1960,0.1695,114.8245,140.3025,4.5408
yan_cam.mp4,RTMPose,29,369.8852,0,0.0415,0.0140,0.1879,0.1750,126.3209,135.6094,4.8195
yan_cam.mp4,RTMPose,30,384.6592,0,0.0434,0.0108,0.1896,0.1742,140.7373,136.1982,4.6494
yan_cam.mp4,RTMPose,31,444.8937,0,0.0644,0.0826,0.1847,0.1765,155.3340,137.5939,4.7278
yan_cam.mp4,RTMPose,32,485.8868,0,0.0498,0.0815,0.1890,0.1852,161.9439,135.8209,4.6761
yan_cam.mp4,RTMPose,33,544.4742,0,0.0443,0.0226,0.1912,0.1835,154.8049,132.7429,4.6611
yan_cam.mp4,RTMPose,34,438.5546,0,0.0457,0.0119,0.1878,0.1672,137.1948,131.6227,4.8482
yan_cam.mp4,RTMPose,35,447.4326,0,0.0395,0.0158,0.1802,0.1624,120.8864,126.1095,4.8179
yan_cam.mp4,RTMPose,36,545.0702,0,0.0296,0.0196,0.1836,0.1670,106.0846,117.0485,4.6915
yan_cam.mp4,RTMPose,37,378.8688,0,0.0288,0.0249,0.1814,0.1595,107.9820,120.4572,4.6985
yan_cam.mp4,RTMPose,38,383.4822,0,0.0142,0.0253,0.1936,0.1564,111.7486,124.9861,4.8158
yan_cam.mp4,RTMPose,39,395.8352,0,0.0264,0.0184,0.1914,0.1543,114.5692,129.7298,4.6522
yan_cam.mp4,RTMPose,40,376.3029,0,0.0289,0.0277,0.1907,0.1565,120.6179,135.1943,4.7223
yan_cam.mp4,RTMPose,41,367.7064,0,0.0292,0.0213,0.1907,0.1596,131.5192,144.0426,4.7078
yan_cam.mp4,RTMPose,42,375.4802,0,0.0318,0.0110,0.1866,0.1637,147.8561,158.3697,4.6470
yan_cam.mp4,RTMPose,43,390.1349,0,0.0455,0.0217,0.1826,0.1609,169.5536,175.3133,4.6738
yan_cam.mp4,RTMPose,44,556.2590,0,0.0596,0.0262,0.1846,0.1640,175.2087,175.9458,4.5608
yan_cam.mp4,RTMPose,45,450.7713,0,0.0314,0.0357,0.1940,0.1634,165.6138,174.2694,4.9096
yan_cam.mp4,RTMPose,46,387.0715,0,0.1165,0.1111,0.1816,0.1633,162.6426,175.9278,4.4874
yan_cam.mp4,RTMPose,47,376.1537,0,0.0177,0.1155,0.1795,0.1632,164.7927,174.2744,4.3752
yan_cam.mp4,RTMPose,48,384.2731,0,0.0142,0.0072,0.1821,0.1680,164.7944,173.3900,4.2966
yan_cam.mp4,RTMPose,49,406.0310,0,0.0119,0.0136,0.1797,0.1651,166.6756,174.7948,4.3127
yan_cam.mp4,RTMPose,50,424.3662,0,0.0165,0.0171,0.1881,0.1682,167.6319,174.4555,4.1926
yan_cam.mp4,RTMPose,51,381.7855,0,0.0174,0.0261,0.1893,0.1684,169.2672,173.9032,4.0277
yan_cam.mp4,RTMPose,52,399.1668,0,0.0163,0.0179,0.1834,0.1713,167.3003,175.4870,4.2401
yan_cam.mp4,RTMPose,53,371.9838,0,0.0250,0.0160,0.1835,0.1649,164.1184,174.3545,4.1373
yan_cam.mp4,RTMPose,54,377.9510,0,0.0394,0.0194,0.1842,0.1783,165.1582,173.0470,4.4270
yan_cam.mp4,RTMPose,55,404.1365,0,0.0380,0.0187,0.1888,0.1767,161.6284,176.2999,4.5345
yan_cam.mp4,RTMPose,56,743.4467,0,0.0476,0.0185,0.1889,0.1760,145.5676,174.7239,4.3801
yan_cam.mp4,RTMPose,57,497.5831,0,0.0378,0.0181,0.1775,0.1656,138.5632,172.6461,4.5119
yan_cam.mp4,RTMPose,58,381.4501,0,0.0259,0.0145,0.1762,0.1624,137.5888,174.7407,4.4151
yan_cam.mp4,RTMPose,59,378.8330,0,0.0142,0.0186,0.1778,0.1601,131.5766,172.3588,4.4997
yan_cam.mp4,RTMPose,60,397.7957,0,0.0070,0.0133,0.1791,0.1604,132.9178,173.6353,4.5959
yan_cam.mp4,RTMPose,61,376.0373,0,0.0791,0.0795,0.1871,0.1577,138.4665,174.5898,4.7021
yan_cam.mp4,RTMPose,62,379.2943,0,0.0159,0.0730,0.1801,0.1642,146.2547,174.5378,4.8332
yan_cam.mp4,RTMPose,63,412.1503,0,0.0135,0.0041,0.1793,0.1663,151.5950,173.4531,5.0570
yan_cam.mp4,RTMPose,64,379.9313,0,0.0116,0.0055,0.1790,0.1599,158.3785,174.6759,5.3416
yan_cam.mp4,RTMPose,65,376.6891,0,0.0099,0.0036,0.1745,0.1557,164.5538,175.4803,5.6514
yan_cam.mp4,RTMPose,66,375.2176,0,0.0074,0.0037,0.1751,0.1519,169.3300,176.0488,5.7190
yan_cam.mp4,RTMPose,67,423.0004,0,0.0056,0.0036,0.1743,0.1508,171.8753,175.1878,5.7392
yan_cam.mp4,RTMPose,68,475.1313,0,0.0057,0.0035,0.1727,0.1497,175.2629,174.4201,5.7314
yan_cam.mp4,RTMPose,69,378.6212,0,0.0060,0.0040,0.1750,0.1532,175.4251,173.4541,5.5585
yan_cam.mp4,RTMPose,70,400.7972,0,0.0079,0.0044,0.1775,0.1491,174.6770,172.2833,5.4834
yan_cam.mp4,RTMPose,71,380.4480,0,0.0096,0.0031,0.1770,0.1438,173.9159,171.4400,5.5150
yan_cam.mp4,RTMPose,72,377.5772,0,0.0112,0.0035,0.1826,0.1393,176.0754,170.2921,5.4421
yan_cam.mp4,RTMPose,73,387.8234,0,0.0122,0.0031,0.1823,0.1321,173.1874,170.4583,5.6415
yan_cam.mp4,RTMPose,74,387.4814,0,0.0135,0.0032,0.1877,0.1194,160.6997,172.5000,5.3259
yan_cam.mp4,RTMPose,75,404.9614,0,0.0103,0.0061,0.1876,0.1221,147.0170,175.7824,5.2341
yan_cam.mp4,RTMPose,76,409.7156,0,0.0652,0.0600,0.1848,0.1306,138.5005,172.8076,5.1985
yan_cam.mp4,RTMPose,77,391.0941,0,0.0100,0.0568,0.1813,0.1459,135.4569,169.9247,5.0703
yan_cam.mp4,RTMPose,78,390.7160,0,0.5014,0.4928,0.1700,0.1673,163.0655,170.0557,4.5208
yan_cam.mp4,RTMPose,79,379.5852,0,0.0021,0.5019,0.1707,0.1660,163.0731,169.8986,4.5128
yan_cam.mp4,RTMPose,80,502.0900,0,0.0035,0.0029,0.1707,0.1673,164.6155,169.2338,4.5425
yan_cam.mp4,RTMPose,81,440.2554,0,0.0002,0.0035,0.1706,0.1672,164.6155,169.2338,4.5447
yan_cam.mp4,RTMPose,82,388.5079,0,0.0026,0.0026,0.1701,0.1663,167.4415,169.8339,4.5702
yan_cam.mp4,RTMPose,83,389.2129,0,0.0033,0.0030,0.1704,0.1654,168.1738,168.6230,4.5681
yan_cam.mp4,RTMPose,84,380.4473,0,0.0047,0.0040,0.1701,0.1654,166.7155,165.5937,4.6927
yan_cam.mp4,RTMPose,85,377.0268,0,0.0046,0.0042,0.1689,0.1647,163.5792,162.6817,4.7951
yan_cam.mp4,RTMPose,86,399.1815,0,0.0060,0.0031,0.1642,0.1680,159.0368,158.5121,4.8191
yan_cam.mp4,RTMPose,87,374.3118,0,0.0079,0.0033,0.1682,0.1692,150.5985,149.6914,4.6601
yan_cam.mp4,RTMPose,88,372.8164,0,0.0097,0.0047,0.1705,0.1706,143.2208,140.3953,4.6120
yan_cam.mp4,RTMPose,89,378.3200,0,0.0123,0.0046,0.1723,0.1672,137.9588,132.9691,4.6002
yan_cam.mp4,RTMPose,90,376.5243,0,0.0144,0.0036,0.1768,0.1660,132.0948,122.8873,4.4428
yan_cam.mp4,RTMPose,91,389.3297,0,0.0163,0.0036,0.1792,0.1654,126.7689,114.1886,4.4859
yan_cam.mp4,RTMPose,92,386.8268,0,0.0530,0.0439,0.1912,0.1701,121.3368,105.5762,4.4338
yan_cam.mp4,RTMPose,93,489.3825,0,0.0186,0.0394,0.1872,0.1690,117.3814,102.8482,4.3405
yan_cam.mp4,RTMPose,94,383.5928,0,0.0155,0.0087,0.1910,0.1670,114.1250,103.3772,4.1447
yan_cam.mp4,RTMPose,95,377.4226,0,0.0160,0.0115,0.1852,0.1682,113.4254,107.9737,4.2121
yan_cam.mp4,RTMPose,96,383.2925,0,0.0197,0.0107,0.1860,0.1702,112.2576,110.6987,4.4093
yan_cam.mp4,RTMPose,97,386.0329,0,0.0283,0.0127,0.1880,0.1712,113.3554,118.1205,4.4917
yan_cam.mp4,RTMPose,98,396.3824,0,0.0345,0.0098,0.1837,0.1725,115.9153,130.8140,4.2971
yan_cam.mp4,RTMPose,99,435.5237,0,0.0356,0.0070,0.1840,0.1665,116.2584,143.6547,4.1581
yan_cam.mp4,RTMPose,100,377.6189,0,0.0371,0.0105,0.1802,0.1687,121.9055,155.4829,4.1446
yan_cam.mp4,RTMPose,101,399.9841,0,0.0289,0.0155,0.1806,0.1689,123.4103,168.3945,4.5911
yan_cam.mp4,RTMPose,102,378.8084,0,0.0294,0.0160,0.1795,0.1692,119.7731,170.0326,4.8736
yan_cam.mp4,RTMPose,103,379.6787,0,0.0305,0.0142,0.1798,0.1682,107.4221,168.0833,4.6858
yan_cam.mp4,RTMPose,104,380.0758,0,0.0310,0.0147,0.1852,0.1646,98.3893,160.6221,4.5511
yan_cam.mp4,RTMPose,105,492.2011,0,0.0338,0.0129,0.1832,0.1631,95.0819,149.0875,4.3615
yan_cam.mp4,RTMPose,106,453.7151,0,0.0366,0.0126,0.1906,0.1609,99.1820,140.2913,4.3658
yan_cam.mp4,RTMPose,107,391.5836,0,0.0443,0.0208,0.1897,0.1687,114.4923,134.9399,4.7389
yan_cam.mp4,RTMPose,108,370.8048,0,0.0402,0.0139,0.1923,0.1774,133.6773,129.2799,4.6284
yan_cam.mp4,RTMPose,109,385.4161,0,0.0416,0.0133,0.1902,0.1805,156.5137,132.1723,4.8331
yan_cam.mp4,RTMPose,110,379.2525,0,0.0400,0.0156,0.1923,0.1887,161.7149,127.4886,4.7827
yan_cam.mp4,RTMPose,111,406.9144,0,0.0419,0.0187,0.2011,0.1836,157.2066,130.3040,4.7907
yan_cam.mp4,RTMPose,112,377.5319,0,0.0454,0.0138,0.1779,0.1906,147.6613,134.2189,4.9292
yan_cam.mp4,RTMPose,113,377.1866,0,0.0402,0.0120,0.1688,0.1736,134.1274,132.5613,4.9015
yan_cam.mp4,RTMPose,114,372.7439,0,0.0353,0.0224,0.1673,0.1725,116.1250,124.2121,4.7891
yan_cam.mp4,RTMPose,115,393.9010,0,0.0178,0.0232,0.1739,0.1702,110.6319,120.4110,5.1631
yan_cam.mp4,RTMPose,116,382.0232,0,0.0153,0.0152,0.1769,0.1691,110.6119,125.0131,4.5198
yan_cam.mp4,RTMPose,117,386.2687,0,0.0238,0.0122,0.1805,0.1693,113.9582,132.2097,4.3969
yan_cam.mp4,RTMPose,118,495.1712,0,0.0296,0.0139,0.1722,0.1707,123.8030,144.3990,4.3770
yan_cam.mp4,RTMPose,119,370.0993,0,0.0351,0.0114,0.1710,0.1694,136.1131,156.2071,4.6300
yan_cam.mp4,RTMPose,120,372.3510,0,0.0382,0.0107,0.1710,0.1732,152.3740,169.4086,4.2994
yan_cam.mp4,RTMPose,121,374.6258,0,0.0399,0.0120,0.1760,0.1663,169.7453,176.2918,4.4197
yan_cam.mp4,RTMPose,122,399.5437,0,0.0742,0.0656,0.1768,0.1678,169.6636,172.4085,4.2049
yan_cam.mp4,RTMPose,123,372.5377,0,0.0243,0.0676,0.1789,0.1653,165.1918,170.9272,4.2465
yan_cam.mp4,RTMPose,124,376.6054,0,0.0254,0.0109,0.1837,0.1620,165.8198,169.0796,4.1686
yan_cam.mp4,RTMPose,125,375.5531,0,0.0155,0.0122,0.1861,0.1589,166.9962,167.3477,4.2521
yan_cam.mp4,RTMPose,126,395.9559,0,0.0081,0.0093,0.1815,0.1610,167.6143,168.3427,4.3674
yan_cam.mp4,RTMPose,127,397.0235,0,0.0081,0.0069,0.1869,0.1619,167.5596,167.9131,4.2491
yan_cam.mp4,RTMPose,128,387.3990,0,0.0085,0.0103,0.1828,0.1598,166.7043,169.5565,4.4408
yan_cam.mp4,RTMPose,129,455.5785,0,0.0122,0.0074,0.1829,0.1518,165.4098,170.7958,4.4481
yan_cam.mp4,RTMPose,130,441.5472,0,0.0192,0.0109,0.1808,0.1571,167.6812,169.9947,4.2904
yan_cam.mp4,RTMPose,131,490.2077,0,0.0281,0.0120,0.1800,0.1664,164.9126,171.4882,3.9047
yan_cam.mp4,RTMPose,132,379.1383,0,0.0463,0.0285,0.1811,0.1653,161.0021,173.8649,4.3464
yan_cam.mp4,RTMPose,133,372.1083,0,0.0425,0.0183,0.1780,0.1677,144.0478,176.8500,4.5060
yan_cam.mp4,RTMPose,134,375.9388,0,0.0378,0.0110,0.1727,0.1611,133.9520,171.8520,4.3595
yan_cam.mp4,RTMPose,135,393.0744,0,0.0006,0.0378,0.1733,0.1603,133.7225,171.6899,4.3374
yan_cam.mp4,RTMPose,136,378.0981,0,0.0262,0.0262,0.1675,0.1539,129.5034,167.9125,4.3204
yan_cam.mp4,RTMPose,137,397.7441,0,0.0153,0.0170,0.1585,0.1568,125.8452,167.3689,4.6311
yan_cam.mp4,RTMPose,138,378.2805,0,0.0568,0.0663,0.1669,0.1550,132.2682,175.3411,4.6353
yan_cam.mp4,RTMPose,139,416.6124,0,0.0137,0.0538,0.1780,0.1504,137.3978,175.8628,4.4719
yan_cam.mp4,RTMPose,140,370.3012,0,0.0155,0.0054,0.1799,0.1480,144.1599,175.8557,4.5932
yan_cam.mp4,RTMPose,141,390.3133,0,0.0152,0.0041,0.1755,0.1548,152.2329,174.8027,4.7368
yan_cam.mp4,RTMPose,142,375.9283,0,0.0118,0.0060,0.1684,0.1547,157.9827,174.2042,5.0116
yan_cam.mp4,RTMPose,143,466.3175,0,0.0100,0.0049,0.1703,0.1519,163.8895,173.9935,5.1414
yan_cam.mp4,RTMPose,144,387.8487,0,0.0068,0.0058,0.1698,0.1499,167.3315,175.5851,5.2837
yan_cam.mp4,RTMPose,145,372.5931,0,0.0064,0.0034,0.1707,0.1490,169.8241,176.7606,5.3682
yan_cam.mp4,RTMPose,146,389.3751,0,0.0077,0.0036,0.1706,0.1454,170.6416,175.3733,5.4078
yan_cam.mp4,RTMPose,147,392.5979,0,0.0095,0.0037,0.1728,0.1411,169.9380,173.6029,5.4874
yan_cam.mp4,RTMPose,148,373.5963,0,0.0110,0.0032,0.1764,0.1345,168.7283,171.6628,5.4891
yan_cam.mp4,RTMPose,149,371.3989,0,0.0131,0.0040,0.1796,0.1232,166.9805,171.6902,5.3548
yan_cam.mp4,RTMPose,150,390.1184,0,0.0129,0.0027,0.1824,0.1090,170.3202,172.0885,5.3132
yan_cam.mp4,RTMPose,151,369.4710,0,0.0104,0.0062,0.1796,0.1107,173.7389,175.1261,5.3219
yan_cam.mp4,RTMPose,152,372.7045,0,0.0086,0.0047,0.1814,0.1110,160.4518,178.5794,5.2990
yan_cam.mp4,RTMPose,153,397.6872,0,0.0434,0.0378,0.1853,0.1211,151.8509,178.0441,5.0807
yan_cam.mp4,RTMPose,154,404.2241,0,0.0101,0.0351,0.1834,0.1337,150.9722,175.1965,4.9791
yan_cam.mp4,RTMPose,155,378.3720,0,0.0109,0.0032,0.1831,0.1484,151.7567,173.9896,4.7264
yan_cam.mp4,RTMPose,156,482.6448,0,0.5436,0.5355,0.1673,0.1725,162.7248,164.9764,4.8645
yan_cam.mp4,RTMPose,157,447.5507,0,0.0026,0.5452,0.1681,0.1716,164.0222,164.3939,4.8652
yan_cam.mp4,RTMPose,158,485.5430,0,0.0024,0.0027,0.1665,0.1712,164.6423,165.6634,4.9103
yan_cam.mp4,RTMPose,159,440.3927,0,0.0030,0.0026,0.1657,0.1702,164.5733,166.2630,4.9269
yan_cam.mp4,RTMPose,160,474.4906,0,0.0032,0.0029,0.1675,0.1703,163.5498,163.7627,4.8929
yan_cam.mp4,RTMPose,161,445.1135,0,0.0059,0.0037,0.1690,0.1711,162.1820,160.9796,4.7230
yan_cam.mp4,RTMPose,162,385.7692,0,0.0056,0.0038,0.1710,0.1719,159.2457,158.0716,4.5896
yan_cam.mp4,RTMPose,163,708.1534,0,0.0066,0.0029,0.1707,0.1713,155.1931,154.3829,4.6215
yan_cam.mp4,RTMPose,164,415.0074,0,0.0089,0.0034,0.1680,0.1737,148.9310,148.7125,4.5358
yan_cam.mp4,RTMPose,165,378.3259,0,0.0113,0.0041,0.1702,0.1725,141.1186,140.4241,4.5764
yan_cam.mp4,RTMPose,166,397.7768,0,0.0144,0.0046,0.1705,0.1696,134.2666,132.4662,4.6335
yan_cam.mp4,RTMPose,167,540.1233,0,0.0173,0.0043,0.1728,0.1687,126.6077,125.3736,4.5989
yan_cam.mp4,RTMPose,168,450.8275,0,0.0765,0.0653,0.1856,0.1696,118.4996,115.5912,4.6810
yan_cam.mp4,RTMPose,169,370.8855,0,0.0175,0.0623,0.1872,0.1687,114.1167,113.1163,4.6064
yan_cam.mp4,RTMPose,170,388.1852,0,0.0157,0.0088,0.1846,0.1688,112.5494,115.3264,4.4899
yan_cam.mp4,RTMPose,171,378.4174,0,0.0174,0.0116,0.1851,0.1707,110.0175,119.0586,4.3853
yan_cam.mp4,RTMPose,172,365.9794,0,0.0228,0.0113,0.1841,0.1726,111.4471,124.7034,4.3999
yan_cam.mp4,RTMPose,173,370.3450,0,0.0318,0.0141,0.1799,0.1730,115.3541,136.4205,4.5098
yan_cam.mp4,RTMPose,174,390.0403,0,0.0394,0.0150,0.1774,0.1724,122.3331,152.7362,4.2995
yan_cam.mp4,RTMPose,175,378.4744,0,0.0385,0.0164,0.1821,0.1707,129.9517,168.2829,4.1225
yan_cam.mp4,RTMPose,176,372.4612,0,0.0476,0.0199,0.1754,0.1927,131.6716,177.0632,4.0865
yan_cam.mp4,RTMPose,177,416.1517,0,0.0270,0.0293,0.1856,0.1743,143.3094,166.7197,4.1318
yan_cam.mp4,RTMPose,178,399.5763,0,0.0232,0.0180,0.1877,0.1775,136.0084,168.4356,4.4221
yan_cam.mp4,RTMPose,179,519.7450,0,0.0309,0.0139,0.1871,0.1722,130.5892,174.8064,4.5410
yan_cam.mp4,RTMPose,180,476.4899,0,0.0318,0.0116,0.1837,0.1711,126.9846,176.0526,4.6120
yan_cam.mp4,RTMPose,181,400.2757,0,0.0358,0.0112,0.1861,0.1777,131.7140,168.2585,4.5540
yan_cam.mp4,RTMPose,182,362.8133,0,0.0386,0.0144,0.1869,0.1757,141.0895,161.1096,4.4806
yan_cam.mp4,RTMPose,183,388.4767,0,0.0484,0.0235,0.1901,0.1745,153.5732,157.3167,4.4774
yan_cam.mp4,RTMPose,184,370.7549,0,0.0403,0.0130,0.1922,0.1749,162.9346,152.1257,4.5690
yan_cam.mp4,RTMPose,185,365.8675,0,0.0383,0.0128,0.1978,0.1801,167.8885,147.3510,4.7736
yan_cam.mp4,RTMPose,186,373.3139,0,0.0448,0.0155,0.1896,0.1847,171.0836,152.2967,4.5900
yan_cam.mp4,RTMPose,187,378.1896,0,0.0467,0.0106,0.1870,0.1792,160.7946,148.2437,4.4973
yan_cam.mp4,RTMPose,188,376.0709,0,0.0492,0.0121,0.1867,0.1749,147.5013,144.8270,4.4355
yan_cam.mp4,RTMPose,189,367.5840,0,0.0004,0.0492,0.1868,0.1750,147.5013,144.8003,4.4350
yan_cam.mp4,RTMPose,190,369.5537,0,0.0438,0.0437,0.1723,0.1703,135.4897,144.8270,4.4189
yan_cam.mp4,RTMPose,191,405.6671,0,0.0324,0.0271,0.1737,0.1735,119.8828,137.5102,4.6285
yan_cam.mp4,RTMPose,192,445.2749,0,0.0222,0.0167,0.1696,0.1737,113.9122,133.3379,4.6845
yan_cam.mp4,RTMPose,193,362.5818,0,0.0200,0.0174,0.1666,0.1664,117.7699,141.8248,4.3057
yan_cam.mp4,RTMPose,194,376.7214,0,0.0275,0.0169,0.1671,0.1658,121.7297,148.1908,4.4884
yan_cam.mp4,RTMPose,195,389.0070,0,0.0330,0.0238,0.1631,0.1668,133.4852,159.2015,4.6066
yan_cam.mp4,RTMPose,196,368.9218,0,0.0511,0.0327,0.1685,0.1686,151.4365,172.0934,4.5188
yan_cam.mp4,RTMPose,197,371.2988,0,0.0413,0.0224,0.1780,0.1666,170.1361,174.4601,4.4085
yan_cam.mp4,RTMPose,198,370.0003,0,0.0349,0.0199,0.1821,0.1692,169.8078,173.6891,4.3141
yan_cam.mp4,RTMPose,199,384.5818,0,0.0591,0.0686,0.1794,0.1665,159.4253,175.4729,4.3280
yan_cam.mp4,RTMPose,200,368.5658,0,0.0283,0.0734,0.1764,0.1644,156.4219,177.2891,4.5213
yan_cam.mp4,RTMPose,201,362.6686,0,0.0214,0.0164,0.1702,0.1666,156.4089,179.2697,4.6834
yan_cam.mp4,RTMPose,202,379.4830,0,0.0219,0.0115,0.1723,0.1650,157.2339,177.9622,4.6949
yan_cam.mp4,RTMPose,203,370.2342,0,0.0189,0.0129,0.1758,0.1636,158.5868,174.0867,4.8066
yan_cam.mp4,RTMPose,204,415.9146,0,0.0197,0.0145,0.1791,0.1640,161.4891,172.0211,4.5905
yan_cam.mp4,RTMPose,205,427.9394,0,0.0187,0.0119,0.1786,0.1685,162.9199,167.6617,4.7310
yan_cam.mp4,RTMPose,206,370.2078,0,0.0193,0.0082,0.1761,0.1668,165.5177,167.2310,4.5567
yan_cam.mp4,RTMPose,207,379.6964,0,0.0231,0.0081,0.1762,0.1681,168.2456,166.4171,4.7598
yan_cam.mp4,RTMPose,208,360.2560,0,0.0282,0.0090,0.1801,0.1657,169.1363,165.0006,4.7575
yan_cam.mp4,RTMPose,209,380.6164,0,0.0363,0.0197,0.1821,0.1729,160.5026,157.9842,4.7419
yan_cam.mp4,RTMPose,210,368.8905,0,0.0352,0.0135,0.1807,0.1655,145.8402,150.9903,4.9037
yan_cam.mp4,RTMPose,211,380.3449,0,0.0248,0.0119,0.1721,0.1559,134.6208,146.7557,4.8325
yan_cam.mp4,RTMPose,212,369.1710,0,0.0113,0.0158,0.1673,0.1599,126.0472,142.1190,4.8270
yan_cam.mp4,RTMPose,213,392.1000,0,0.0053,0.0130,0.1710,0.1619,126.9350,143.0693,4.6982
yan_cam.mp4,RTMPose,214,430.6571,0,0.0587,0.0599,0.1740,0.1654,135.3809,148.8992,4.7600
yan_cam.mp4,RTMPose,215,446.6415,0,0.0159,0.0566,0.1738,0.1650,143.5506,157.5617,4.7764
yan_cam.mp4,RTMPose,216,369.5645,0,0.0189,0.0084,0.1748,0.1575,148.7927,161.3028,4.8375
yan_cam.mp4,RTMPose,217,438.4930,0,0.0130,0.0086,0.1736,0.1590,152.3692,162.8712,4.9399
yan_cam.mp4,RTMPose,218,457.6266,0,0.0078,0.0058,0.1753,0.1583,154.2256,165.1305,4.9582
yan_cam.mp4,RTMPose,219,370.3643,0,0.0062,0.0071,0.1770,0.1599,150.5709,164.2637,4.9437
yan_cam.mp4,RTMPose,220,391.7240,0,0.0062,0.0064,0.1749,0.1659,145.4379,163.5805,5.0249
yan_cam.mp4,RTMPose,221,369.3282,0,0.0108,0.0062,0.1755,0.1643,141.9808,163.0992,4.8489
yan_cam.mp4,RTMPose,222,368.2638,0,0.0135,0.0042,0.1722,0.1629,136.7889,163.9223,4.8142
yan_cam.mp4,RTMPose,223,371.7366,0,0.0122,0.0036,0.1703,0.1606,133.0491,163.8268,4.7111
yan_cam.mp4,RTMPose,224,384.4105,0,0.0092,0.0055,0.1708,0.1601,130.0442,163.0277,4.6549
yan_cam.mp4,RTMPose,225,368.2594,0,0.0058,0.0051,0.1683,0.1587,130.2283,163.9877,4.6994
yan_cam.mp4,RTMPose,226,371.9777,0,0.0049,0.0070,0.1657,0.1568,133.9049,166.1837,4.7731
yan_cam.mp4,RTMPose,227,384.7862,0,0.0078,0.0043,0.1647,0.1558,140.5297,172.1199,4.9204
yan_cam.mp4,RTMPose,228,384.0226,0,0.0087,0.0040,0.1708,0.1593,148.2050,170.5668,4.9476
yan_cam.mp4,RTMPose,229,372.9078,0,0.0565,0.0547,0.1737,0.1578,153.3287,172.1809,4.8439
yan_cam.mp4,RTMPose,230,480.3595,0,0.0083,0.0565,0.1791,0.1533,156.4196,175.1441,4.8964
